car_ID,symboling,wheelbase,carlength,carwidth,curbweight,enginesize,boreratio,stroke,compressionratio,horsepower,peakrpm,citympg,highwaympg,price,price_stanardized,encoded_CarName,encoded_fueltype,encoded_aspiration,encoded_doornumber,encoded_carbody,encoded_drivewheel,encoded_enginelocation,encoded_enginetype,encoded_cylindernumber,encoded_fuelsystem
1,3,88.6,168.8,64.1,2548,130.0,3.47,2.68,9.0,111,5000,21.0,27,13495.0,0.027324253873229846,13296.555064301552,13013.998834396498,12648.655088243355,13018.60272707317,16506.881606707317,19139.402391945547,12975.984776921307,15916.550259423502,10462.734353297734,17324.036276031893
2,3,88.6,168.8,64.1,2548,130.0,3.47,2.68,9.0,111,5000,21.0,27,16500.0,0.40347340211318933,13569.73688248337,13013.998834396498,12648.655088243355,13018.60272707317,16506.881606707317,19139.402391945547,12975.984776921307,15916.550259423502,10462.734353297734,17324.036276031893
3,1,94.5,171.2,65.5,2823,152.0,2.68,3.47,9.0,154,5000,19.0,26,16500.0,0.40347340211318933,13569.73688248337,13013.998834396498,12648.655088243355,13018.60272707317,10739.159658841463,19139.402391945547,12975.984776921307,19958.52633510074,20614.444285509326,17324.036276031893
4,2,99.8,176.6,66.2,2337,109.0,3.19,3.4,10.0,102,5500,24.0,30,13950.0,0.08427861741705066,13337.918700665188,13013.998834396498,12648.655088243355,13483.196845658536,14243.557601012426,9549.877736210132,12975.984776921307,11681.811852577956,10462.734353297734,17324.036276031893
5,2,99.4,176.6,66.4,2824,136.0,3.19,3.4,8.0,115,5500,18.0,22,17450.0,0.5223891062156724,13993.925475609756,13013.998834396498,12648.655088243355,13483.196845658536,14243.557601012426,12239.698563543005,12975.984776921307,11681.811852577956,17652.489176538907,17324.036276031893
6,2,99.8,177.3,66.3,2507,136.0,3.19,3.4,8.5,110,5500,19.0,25,15250.0,0.24700537039939585,13456.100518847006,13013.998834396498,12648.655088243355,13018.60272707317,14243.557601012426,9549.877736210132,12975.984776921307,11681.811852577956,17652.489176538907,17324.036276031893
7,1,105.8,192.7,71.4,2844,136.0,3.19,3.4,8.5,110,5500,19.0,25,17710.0,0.5549344568121414,13993.925475609756,13013.998834396498,12648.655088243355,13483.196845658536,14243.557601012426,9549.877736210132,12975.984776921307,11681.811852577956,17652.489176538907,17324.036276031893
8,1,105.8,192.7,71.4,2954,136.0,3.19,3.4,8.5,110,5500,19.0,25,18920.0,0.7063955115110935,13789.73688248337,13013.998834396498,12648.655088243355,13483.196845658536,12630.460163066202,9549.877736210132,12975.984776921307,11681.811852577956,17652.489176538907,17324.036276031893
9,1,105.8,192.7,71.4,3086,131.0,3.13,3.4,8.3,140,5500,17.0,20,23875.0,1.3266347892245707,14240.191427937914,13013.998834396498,15655.303674623767,13483.196845658536,14243.557601012426,9549.877736210132,12975.984776921307,11681.811852577956,17652.489176538907,17324.036276031893
10,0,99.5,178.2,67.9,3053,131.0,3.13,3.4,7.0,160,5500,16.0,22,17859.167,0.5736063503214627,13693.297518847008,13013.998834396498,15655.303674623767,13018.60272707317,10739.159658841463,12239.698563543005,12975.984776921307,11681.811852577956,17652.489176538907,17324.036276031893
11,2,101.2,176.8,64.8,2395,108.0,3.5,2.8,8.8,101,5800,23.0,29,16430.0,0.3947111923372169,13843.508808943088,13013.998834396498,12648.655088243355,13018.60272707317,14243.557601012426,19139.402391945547,12975.984776921307,11681.811852577956,10462.734353297734,17324.036276031893
12,0,101.2,176.8,64.8,2395,108.0,3.5,2.8,8.8,101,5800,23.0,29,16925.0,0.4566725328958791,13843.508808943088,13013.998834396498,12648.655088243355,13483.196845658536,14243.557601012426,19139.402391945547,12975.984776921307,11681.811852577956,10462.734353297734,17324.036276031893
13,0,101.2,176.8,64.8,2710,164.0,3.31,3.19,9.0,121,4250,21.0,28,20970.0,0.9630030835217147,13976.100518847006,13013.998834396498,12648.655088243355,13018.60272707317,14243.557601012426,19139.402391945547,12975.984776921307,11681.811852577956,20614.444285509326,17324.036276031893
14,0,101.2,176.8,64.8,2765,164.0,3.31,3.19,9.0,121,4250,21.0,28,21105.0,0.9799016309468044,15896.008808943088,13013.998834396498,12648.655088243355,13483.196845658536,14243.557601012426,19139.402391945547,12975.984776921307,11681.811852577956,20614.444285509326,17324.036276031893
15,1,103.5,189.0,66.9,3055,164.0,3.31,3.19,9.0,121,4250,20.0,25,24565.0,1.4130051427305848,14302.918700665188,13013.998834396498,12648.655088243355,13483.196845658536,14243.557601012426,19139.402391945547,12975.984776921307,11681.811852577956,20614.444285509326,17324.036276031893
16,0,103.5,189.0,65.5,3230,209.0,3.62,3.39,8.0,182,5400,16.0,22,30760.0,2.188460707904145,14866.100518847006,13013.998834396498,12648.655088243355,13483.196845658536,14243.557601012426,19139.402391945547,12975.984776921307,11681.811852577956,20614.444285509326,17324.036276031893
17,0,103.5,193.8,65.5,3380,209.0,3.62,3.39,8.0,182,5400,24.0,22,41315.0,3.509676767695417,15825.64597339246,13013.998834396498,12648.655088243355,13018.60272707317,14243.557601012426,19139.402391945547,12975.984776921307,11681.811852577956,20614.444285509326,17324.036276031893
18,0,110.0,197.0,65.5,3505,209.0,3.62,3.39,8.0,182,5400,24.0,20,36880.0,2.954528191174878,15896.008808943088,13013.998834396498,12648.655088243355,13483.196845658536,14243.557601012426,19139.402391945547,12975.984776921307,11681.811852577956,20614.444285509326,17324.036276031893
19,2,88.4,141.1,60.3,1488,61.0,2.91,3.03,9.5,48,5100,24.0,53,5151.0,-1.0171311514226842,12538.009609756096,13013.998834396498,12648.655088243355,13018.60272707317,10739.159658841463,9549.877736210132,12975.984776921307,14013.550259423502,12538.009609756096,8241.119811938383
20,1,94.5,155.9,63.6,1874,90.0,3.03,3.11,9.6,70,5400,24.0,43,6295.0,-0.8739316087982205,12642.009609756096,13013.998834396498,12648.655088243355,13018.60272707317,10739.159658841463,9549.877736210132,12975.984776921307,11681.811852577956,10462.734353297734,8241.119811938383
21,0,94.5,158.8,63.6,1909,90.0,3.03,3.11,9.6,70,5400,24.0,43,6575.0,-0.8388827696943307,12667.464155210642,13013.998834396498,12648.655088243355,13483.196845658536,14243.557601012426,9549.877736210132,12975.984776921307,11681.811852577956,10462.734353297734,8241.119811938383
22,1,93.7,157.3,63.8,1876,90.0,2.97,3.23,9.41,68,5500,24.0,41,5572.0,-0.9644327183414786,12576.282337028824,13013.998834396498,12648.655088243355,13018.60272707317,10739.159658841463,9549.877736210132,12975.984776921307,11681.811852577956,10462.734353297734,8241.119811938383
23,1,93.7,157.3,63.8,1876,90.0,2.97,3.23,9.4,68,5500,24.0,38,6377.0,-0.8636673059177956,12649.464155210642,13013.998834396498,12648.655088243355,13018.60272707317,10739.159658841463,9549.877736210132,12975.984776921307,11681.811852577956,10462.734353297734,8241.119811938383
24,1,97.1,157.3,63.8,2128,98.0,3.03,3.39,7.6,102,5500,24.0,30,7957.0,-0.6658917138315606,12793.100518847006,13013.998834396498,15655.303674623767,13018.60272707317,10739.159658841463,9549.877736210132,12975.984776921307,11681.811852577956,10462.734353297734,17324.036276031893
25,1,97.1,157.3,63.8,1967,90.0,2.97,3.23,9.4,68,5500,31.0,38,6229.0,-0.8821931208727087,12636.009609756096,13013.998834396498,12648.655088243355,13483.196845658536,10739.159658841463,9549.877736210132,12975.984776921307,11681.811852577956,10462.734353297734,8241.119811938383
26,1,97.1,157.3,63.8,1989,90.0,2.97,3.23,9.4,68,5500,31.0,38,6692.0,-0.8242373619259197,12678.100518847006,13013.998834396498,12648.655088243355,13483.196845658536,14243.557601012426,9549.877736210132,12975.984776921307,11681.811852577956,10462.734353297734,8241.119811938383
27,1,97.1,157.3,63.8,1989,90.0,2.97,3.23,9.4,68,5500,31.0,38,7609.0,-0.7094524138606808,12761.464155210642,13013.998834396498,12648.655088243355,13483.196845658536,14243.557601012426,9549.877736210132,12975.984776921307,11681.811852577956,10462.734353297734,8241.119811938383
28,1,97.1,157.3,63.8,2191,98.0,3.03,3.39,7.6,102,5500,24.0,30,8558.0,-0.5906618841835688,12847.73688248337,13013.998834396498,15655.303674623767,13018.60272707317,14243.557601012426,9549.877736210132,12975.984776921307,11681.811852577956,10462.734353297734,17324.036276031893
29,-1,97.1,174.6,64.6,2535,122.0,3.34,3.46,8.5,88,5000,24.0,30,8921.0,-0.5452235677738831,12880.73688248337,13013.998834396498,12648.655088243355,13483.196845658536,12630.460163066202,9549.877736210132,12975.984776921307,11681.811852577956,10462.734353297734,8241.119811938383
30,3,97.1,173.2,66.3,2811,156.0,3.6,3.9,7.0,145,5000,19.0,24,12964.0,-0.03914336599878961,13248.282337028824,13013.998834396498,15655.303674623767,13018.60272707317,10739.159658841463,9549.877736210132,12975.984776921307,11681.811852577956,10462.734353297734,13248.282337028824
31,2,97.1,144.6,63.9,1713,92.0,2.91,3.41,9.6,58,4800,49.0,54,6479.0,-0.85089951452995,12122.315823639774,13013.998834396498,12648.655088243355,13018.60272707317,10739.159658841463,9549.877736210132,12975.984776921307,11681.811852577956,10462.734353297734,10279.909795586527
32,2,97.1,144.6,63.9,1819,92.0,2.91,3.41,9.2,76,6000,31.0,38,6855.0,-0.803833930590441,12229.258808943088,13013.998834396498,12648.655088243355,13018.60272707317,10739.159658841463,9549.877736210132,12975.984776921307,11681.811852577956,10462.734353297734,10279.909795586527
33,1,93.7,150.0,64.0,1837,79.0,2.91,3.07,10.1,60,5500,38.0,42,5399.0,-0.9860878939306676,12122.315823639774,13013.998834396498,12648.655088243355,13018.60272707317,10739.159658841463,9549.877736210132,12975.984776921307,11681.811852577956,10462.734353297734,10279.909795586527
34,1,93.7,150.0,64.0,1940,92.0,2.91,3.41,9.2,76,6000,30.0,34,6529.0,-0.8446407932613983,12663.282337028824,13013.998834396498,12648.655088243355,13018.60272707317,10739.159658841463,9549.877736210132,12975.984776921307,11681.811852577956,10462.734353297734,10279.909795586527
35,1,93.7,150.0,64.0,1956,92.0,2.91,3.41,9.2,76,6000,30.0,34,7129.0,-0.7695361380387775,12229.258808943088,13013.998834396498,12648.655088243355,13018.60272707317,10739.159658841463,9549.877736210132,12975.984776921307,11681.811852577956,10462.734353297734,10279.909795586527
36,0,96.5,163.4,64.0,2010,92.0,2.91,3.41,9.2,76,6000,30.0,34,7295.0,-0.7487571834271857,12732.918700665188,13013.998834396498,12648.655088243355,13483.196845658536,14243.557601012426,9549.877736210132,12975.984776921307,11681.811852577956,10462.734353297734,10279.909795586527
37,0,96.5,157.1,63.9,2024,92.0,2.92,3.41,9.2,76,6000,30.0,34,7295.0,-0.7487571834271857,12732.918700665188,13013.998834396498,12648.655088243355,13483.196845658536,12630.460163066202,9549.877736210132,12975.984776921307,11681.811852577956,10462.734353297734,10279.909795586527
38,0,96.5,167.5,65.2,2236,110.0,3.15,3.58,9.0,86,5800,27.0,33,7895.0,-0.6736525282045649,12579.758808943088,13013.998834396498,12648.655088243355,13018.60272707317,10739.159658841463,9549.877736210132,12975.984776921307,11681.811852577956,10462.734353297734,10279.909795586527
39,0,96.5,173.2,65.2,2289,110.0,3.15,3.58,9.0,86,5800,27.0,33,9095.0,-0.5234432177593231,12896.555064301552,13013.998834396498,12648.655088243355,13018.60272707317,10739.159658841463,9549.877736210132,12975.984776921307,11681.811852577956,10462.734353297734,10279.909795586527
40,0,96.5,173.2,65.2,2304,110.0,3.15,3.58,9.0,86,5800,27.0,33,8845.0,-0.5547368241020818,12873.827791574278,13013.998834396498,12648.655088243355,13483.196845658536,14243.557601012426,9549.877736210132,12975.984776921307,11681.811852577956,10462.734353297734,10279.909795586527
41,0,96.5,173.2,62.5,2372,110.0,3.15,3.58,9.0,86,5800,27.0,33,10295.0,-0.3732339073140814,12579.758808943088,13013.998834396498,12648.655088243355,13483.196845658536,14243.557601012426,9549.877736210132,12975.984776921307,11681.811852577956,10462.734353297734,10279.909795586527
42,0,96.5,173.2,65.2,2465,110.0,3.15,3.58,9.0,101,5800,24.0,28,12945.0,-0.04152168008083928,12122.315823639774,13013.998834396498,12648.655088243355,13483.196845658536,14243.557601012426,9549.877736210132,12975.984776921307,11681.811852577956,10462.734353297734,17324.036276031893
43,1,96.5,169.1,66.0,2293,110.0,3.15,3.58,9.1,100,5500,25.0,31,10345.0,-0.36697518604552964,13010.191427937914,13013.998834396498,12648.655088243355,13018.60272707317,14243.557601012426,9549.877736210132,12975.984776921307,11681.811852577956,10462.734353297734,8241.119811938383
44,0,94.3,170.7,61.8,2337,111.0,3.31,3.23,8.5,78,4800,24.0,29,6785.0,-0.8125961403664135,12686.555064301552,13013.998834396498,12648.655088243355,13483.196845658536,14243.557601012426,19139.402391945547,12975.984776921307,11681.811852577956,10462.734353297734,8241.119811938383
45,1,94.5,155.9,63.6,1874,90.0,3.03,3.11,9.6,70,5400,38.0,43,8916.5,-0.5457868526880528,12727.633808943088,13013.998834396498,12648.655088243355,13018.60272707317,14243.557601012426,9549.877736210132,12975.984776921307,11681.811852577956,10462.734353297734,8241.119811938383
46,0,94.5,155.9,63.6,1909,90.0,3.03,3.11,9.6,70,5400,38.0,43,8916.5,-0.5457868526880528,12880.327791574278,13013.998834396498,12648.655088243355,13483.196845658536,14243.557601012426,9549.877736210132,12975.984776921307,11681.811852577956,10462.734353297734,8241.119811938383
47,2,96.0,172.6,65.2,2734,119.0,3.43,3.23,9.2,90,5000,24.0,29,11048.0,-0.27897756500969223,12727.633808943088,13013.998834396498,12648.655088243355,13018.60272707317,10739.159658841463,19139.402391945547,12975.984776921307,11681.811852577956,10462.734353297734,13074.100518847006
48,0,113.0,199.6,69.6,4066,258.0,3.63,4.17,8.1,176,4750,15.0,19,32250.0,2.3749706017069867,15001.555064301552,13013.998834396498,12648.655088243355,13483.196845658536,14243.557601012426,19139.402391945547,12975.984776921307,15916.550259423502,20614.444285509326,17324.036276031893
49,0,113.0,199.6,69.6,4066,258.0,3.63,4.17,8.1,176,4750,15.0,19,35550.0,2.7880462054314017,15301.555064301552,13013.998834396498,12648.655088243355,13483.196845658536,14243.557601012426,19139.402391945547,12975.984776921307,15916.550259423502,20614.444285509326,17324.036276031893
50,0,102.0,191.7,70.6,3950,326.0,3.54,2.76,11.5,262,5000,13.0,17,36000.0,2.844374696848367,15342.464155210642,13013.998834396498,12648.655088243355,13018.60272707317,14243.557601012426,19139.402391945547,12975.984776921307,19958.52633510074,15342.464155210642,17324.036276031893
51,1,93.1,159.1,64.2,1890,91.0,3.03,3.15,9.0,68,5000,30.0,31,5195.0,-1.0116234767063588,12542.009609756096,13013.998834396498,12648.655088243355,13018.60272707317,10739.159658841463,9549.877736210132,12975.984776921307,11681.811852577956,10462.734353297734,8241.119811938383
52,1,93.1,159.1,64.2,1900,91.0,3.03,3.15,9.0,68,5000,31.0,38,6095.0,-0.8989664938724274,12623.827791574278,13013.998834396498,12648.655088243355,13018.60272707317,10739.159658841463,9549.877736210132,12975.984776921307,11681.811852577956,10462.734353297734,8241.119811938383
53,1,93.1,159.1,64.2,1905,91.0,3.03,3.15,9.0,68,5000,31.0,38,6795.0,-0.811344396112703,12687.464155210642,13013.998834396498,12648.655088243355,13018.60272707317,10739.159658841463,9549.877736210132,12975.984776921307,11681.811852577956,10462.734353297734,8241.119811938383
54,1,93.1,166.8,64.2,1945,91.0,3.03,3.15,9.0,68,5000,31.0,38,6695.0,-0.8238618386498066,12475.592142276422,13013.998834396498,12648.655088243355,13483.196845658536,14243.557601012426,9549.877736210132,12975.984776921307,11681.811852577956,10462.734353297734,8241.119811938383
55,1,93.1,166.8,64.2,1950,91.0,3.08,3.15,9.0,68,5000,31.0,38,7395.0,-0.7362397408900823,12579.758808943088,13013.998834396498,12648.655088243355,13483.196845658536,14243.557601012426,9549.877736210132,12975.984776921307,11681.811852577956,10462.734353297734,8241.119811938383
56,3,95.3,169.0,65.7,2380,70.0,3.33,3.255,9.4,101,6000,17.0,23,10945.0,-0.2918705308229088,12600.161977485928,13013.998834396498,12648.655088243355,13018.60272707317,10739.159658841463,19139.402391945547,12975.984776921307,13203.36469337979,13203.36469337979,13015.546592870543
57,3,95.3,169.0,65.7,2380,70.0,3.33,3.255,9.4,101,6000,17.0,23,11845.0,-0.1792135479889775,13574.342142276422,13013.998834396498,12648.655088243355,13018.60272707317,10739.159658841463,19139.402391945547,12975.984776921307,13203.36469337979,13203.36469337979,13015.546592870543
58,3,95.3,169.0,65.7,2385,70.0,3.33,3.255,9.4,101,6000,17.0,23,13645.0,0.04610041767888506,13729.675475609756,13013.998834396498,12648.655088243355,13018.60272707317,10739.159658841463,19139.402391945547,12975.984776921307,13203.36469337979,13203.36469337979,13015.546592870543
59,3,95.3,169.0,65.7,2500,80.0,3.33,3.255,9.4,135,6000,16.0,23,15645.0,0.2964492684209546,13492.009609756096,13013.998834396498,12648.655088243355,13018.60272707317,10739.159658841463,19139.402391945547,12975.984776921307,13203.36469337979,13203.36469337979,17324.036276031893
60,1,98.8,177.8,66.5,2385,122.0,3.39,3.39,8.6,84,4800,26.0,32,8845.0,-0.5547368241020818,12600.161977485928,13013.998834396498,12648.655088243355,13018.60272707317,10739.159658841463,9549.877736210132,12975.984776921307,11681.811852577956,10462.734353297734,8241.119811938383
61,0,98.8,177.8,66.5,2410,122.0,3.39,3.39,8.6,84,4800,26.0,32,8495.0,-0.598547872981944,12842.009609756096,13013.998834396498,12648.655088243355,13483.196845658536,14243.557601012426,9549.877736210132,12975.984776921307,11681.811852577956,10462.734353297734,8241.119811938383
62,1,98.8,177.8,66.5,2385,122.0,3.39,3.39,8.6,84,4800,26.0,32,10595.0,-0.33568157970277096,13032.918700665188,13013.998834396498,12648.655088243355,13018.60272707317,10739.159658841463,9549.877736210132,12975.984776921307,11681.811852577956,10462.734353297734,8241.119811938383
63,0,98.8,177.8,66.5,2410,122.0,3.39,3.39,8.6,84,4800,26.0,32,10245.0,-0.37949262858263316,12475.592142276422,13013.998834396498,12648.655088243355,13483.196845658536,14243.557601012426,9549.877736210132,12975.984776921307,11681.811852577956,10462.734353297734,8241.119811938383
64,0,98.8,177.8,66.5,2443,122.0,3.39,3.39,22.7,64,4650,36.0,42,10795.0,-0.31064669462856404,12579.758808943088,14984.33685691057,12648.655088243355,13483.196845658536,14243.557601012426,9549.877736210132,12975.984776921307,11681.811852577956,10462.734353297734,14984.33685691057
65,0,98.8,177.8,66.5,2425,97.0,3.39,3.39,8.6,84,4800,26.0,32,11245.0,-0.25431820321159837,12600.161977485928,13013.998834396498,12648.655088243355,13483.196845658536,10739.159658841463,9549.877736210132,12975.984776921307,11681.811852577956,10462.734353297734,8241.119811938383
66,0,104.9,175.0,66.1,2670,97.0,3.76,3.16,8.0,120,5000,19.0,27,18280.0,0.6262838792736312,13574.342142276422,13013.998834396498,12648.655088243355,13483.196845658536,14243.557601012426,19139.402391945547,12975.984776921307,11681.811852577956,10462.734353297734,17324.036276031893
67,0,104.9,175.0,66.1,2700,97.0,3.43,3.64,22.0,72,4200,31.0,39,18344.0,0.6342950424973774,13729.675475609756,14984.33685691057,12648.655088243355,13483.196845658536,14243.557601012426,19139.402391945547,12975.984776921307,11681.811852577956,10462.734353297734,14984.33685691057
68,-1,110.0,190.9,70.3,3515,97.0,3.58,3.64,21.5,123,4350,22.0,25,25552.0,1.536552300571796,14392.64597339246,14984.33685691057,15655.303674623767,13483.196845658536,14243.557601012426,19139.402391945547,12975.984776921307,11681.811852577956,17652.489176538907,14984.33685691057
69,-1,110.0,190.9,70.3,3750,97.0,3.58,3.64,21.5,123,4350,22.0,25,28248.0,1.8740225513721058,14637.73688248337,14984.33685691057,15655.303674623767,13483.196845658536,12630.460163066202,19139.402391945547,12975.984776921307,11681.811852577956,17652.489176538907,14984.33685691057
70,0,106.7,187.5,70.3,3495,97.0,3.58,3.64,21.5,123,4350,22.0,25,28176.0,1.8650099927453911,14631.191427937914,14984.33685691057,15655.303674623767,13018.60272707317,17246.394761517615,19139.402391945547,12975.984776921307,11681.811852577956,17652.489176538907,14984.33685691057
71,-1,115.6,202.6,71.7,3770,97.0,3.58,3.64,21.5,123,4350,22.0,25,31600.0,2.293607225215814,14942.464155210642,14984.33685691057,15655.303674623767,13483.196845658536,14243.557601012426,19139.402391945547,12975.984776921307,11681.811852577956,17652.489176538907,14984.33685691057
72,-1,115.6,202.6,71.7,3740,97.0,3.46,3.1,8.3,155,4750,16.0,18,34184.0,2.617057940374568,15177.373246119734,13013.998834396498,12648.655088243355,13483.196845658536,14243.557601012426,19139.402391945547,12975.984776921307,19958.52633510074,21317.840380487803,17324.036276031893
73,3,96.6,180.3,70.5,3685,97.0,3.46,3.1,8.3,155,4750,16.0,18,35056.0,2.7262100392981106,15256.64597339246,13013.998834396498,12648.655088243355,13018.60272707317,16506.881606707317,19139.402391945547,12975.984776921307,19958.52633510074,21317.840380487803,17324.036276031893
74,0,120.9,208.1,71.7,3900,97.0,3.8,3.35,8.0,184,4500,14.0,16,40960.0,3.4652398466886996,15793.373246119734,13013.998834396498,12648.655088243355,13483.196845658536,14243.557601012426,19139.402391945547,12975.984776921307,19958.52633510074,21317.840380487803,17324.036276031893
75,1,112.0,199.2,72.0,3715,97.0,3.8,3.35,8.0,184,4500,14.0,16,45400.0,4.021014295336094,16197.009609756096,13013.998834396498,12648.655088243355,13018.60272707317,17246.394761517615,19139.402391945547,12975.984776921307,19958.52633510074,21317.840380487803,17324.036276031893
76,1,102.7,178.4,68.0,2910,97.0,3.78,3.12,8.0,175,5000,19.0,24,16503.0,0.4038489253893024,13570.009609756096,13013.998834396498,15655.303674623767,13018.60272707317,10739.159658841463,19139.402391945547,12975.984776921307,11681.811852577956,10462.734353297734,17324.036276031893
77,2,93.7,157.3,64.4,1918,97.0,2.97,3.23,9.4,68,5500,37.0,41,5389.0,-0.987339638184378,12559.64597339246,13013.998834396498,12648.655088243355,13018.60272707317,10739.159658841463,9549.877736210132,12975.984776921307,11681.811852577956,10462.734353297734,8241.119811938383
78,2,93.7,157.3,64.4,1944,97.0,2.97,3.23,9.4,68,5500,31.0,38,6189.0,-0.8872000978875502,12632.373246119734,13013.998834396498,12648.655088243355,13018.60272707317,10739.159658841463,9549.877736210132,12975.984776921307,11681.811852577956,10462.734353297734,8241.119811938383
79,2,93.7,157.3,64.4,2004,97.0,2.97,3.23,9.4,68,5500,31.0,38,6669.0,-0.8271163737094535,12411.085054409004,13013.998834396498,12648.655088243355,13018.60272707317,10739.159658841463,9549.877736210132,12975.984776921307,11681.811852577956,10462.734353297734,8241.119811938383
80,1,93.0,157.3,63.8,2145,97.0,3.03,3.39,7.6,102,5500,24.0,30,7689.0,-0.699438459830998,12601.854285178237,13013.998834396498,15655.303674623767,13018.60272707317,10739.159658841463,9549.877736210132,12975.984776921307,11681.811852577956,10462.734353297734,12193.742405648267
81,3,96.3,173.0,65.4,2370,97.0,3.17,3.46,7.5,116,5500,23.0,30,9959.0,-0.4152925142387491,12807.238900562852,13013.998834396498,15655.303674623767,13018.60272707317,10739.159658841463,9549.877736210132,12975.984776921307,11681.811852577956,10462.734353297734,12193.742405648267
82,3,96.3,173.0,65.4,2328,97.0,3.35,3.46,8.5,88,5000,25.0,32,8499.0,-0.5980471752804598,12601.854285178237,13013.998834396498,12648.655088243355,13018.60272707317,10739.159658841463,9549.877736210132,12975.984776921307,11681.811852577956,10462.734353297734,8241.119811938383
83,3,95.9,173.2,66.3,2833,97.0,3.58,3.86,7.0,145,5000,19.0,24,12629.0,-0.08107679849808626,12411.085054409004,13013.998834396498,15655.303674623767,13018.60272707317,10739.159658841463,9549.877736210132,12975.984776921307,11681.811852577956,10462.734353297734,12193.742405648267
84,3,95.9,173.2,66.3,2921,97.0,3.59,3.86,7.0,145,5000,19.0,24,14869.0,0.1993139143330316,12601.854285178237,13013.998834396498,15655.303674623767,13018.60272707317,10739.159658841463,9549.877736210132,12975.984776921307,11681.811852577956,10462.734353297734,12193.742405648267
85,3,95.9,173.2,66.3,2926,156.0,3.59,3.86,7.0,145,5000,19.0,24,14489.0,0.1517476326920384,12807.238900562852,13013.998834396498,15655.303674623767,13018.60272707317,10739.159658841463,9549.877736210132,12975.984776921307,11681.811852577956,10462.734353297734,12193.742405648267
86,1,96.3,172.4,65.4,2365,122.0,3.35,3.46,8.5,88,5000,25.0,32,6989.0,-0.7870605575907224,12705.100518847006,13013.998834396498,12648.655088243355,13483.196845658536,14243.557601012426,9549.877736210132,12975.984776921307,11681.811852577956,10462.734353297734,8241.119811938383
87,1,96.3,172.4,65.4,2405,122.0,3.35,3.46,8.5,88,5000,25.0,32,8189.0,-0.6368512471454806,12814.191427937914,13013.998834396498,12648.655088243355,13483.196845658536,14243.557601012426,9549.877736210132,12975.984776921307,11681.811852577956,10462.734353297734,8241.119811938383
88,1,96.3,172.4,65.4,2403,110.0,3.17,3.46,7.5,116,5500,23.0,30,9279.0,-0.5004111234910528,12411.085054409004,13013.998834396498,15655.303674623767,13483.196845658536,14243.557601012426,9549.877736210132,12975.984776921307,11681.811852577956,10462.734353297734,12193.742405648267
89,-1,96.3,172.4,65.4,2403,110.0,3.17,3.46,7.5,116,5500,23.0,30,9279.0,-0.5004111234910528,12807.238900562852,13013.998834396498,12648.655088243355,13483.196845658536,14243.557601012426,9549.877736210132,12975.984776921307,11681.811852577956,10462.734353297734,12193.742405648267
90,1,94.5,165.3,63.8,1889,97.0,3.15,3.29,9.4,69,5200,31.0,37,5499.0,-0.9735704513935641,12569.64597339246,13013.998834396498,12648.655088243355,13018.60272707317,14243.557601012426,9549.877736210132,12975.984776921307,11681.811852577956,10462.734353297734,8241.119811938383
91,1,94.5,165.3,63.8,2017,103.0,2.99,3.47,21.9,55,4800,45.0,50,7099.0,-0.7732913707999085,12715.100518847006,14984.33685691057,12648.655088243355,13018.60272707317,14243.557601012426,9549.877736210132,12975.984776921307,11681.811852577956,10462.734353297734,14984.33685691057
92,1,94.5,165.3,63.8,1918,97.0,3.15,3.29,9.4,69,5200,31.0,37,6649.0,-0.8296198622168741,12363.758808943088,13013.998834396498,12648.655088243355,13018.60272707317,14243.557601012426,9549.877736210132,12975.984776921307,11681.811852577956,10462.734353297734,8241.119811938383
93,1,94.5,165.3,63.8,1938,97.0,3.15,3.29,9.4,69,5200,31.0,37,6849.0,-0.8045849771426672,12259.592142276422,13013.998834396498,12648.655088243355,13483.196845658536,14243.557601012426,9549.877736210132,12975.984776921307,11681.811852577956,10462.734353297734,8241.119811938383
94,1,94.5,170.2,63.8,2024,97.0,3.15,3.29,9.4,69,5200,31.0,37,7349.0,-0.7419977644571498,12737.827791574278,13013.998834396498,12648.655088243355,13483.196845658536,12630.460163066202,9549.877736210132,12975.984776921307,11681.811852577956,10462.734353297734,8241.119811938383
95,1,94.5,165.3,63.8,1951,97.0,3.15,3.29,9.4,69,5200,31.0,37,7299.0,-0.7482564857257016,12733.282337028824,13013.998834396498,12648.655088243355,13018.60272707317,14243.557601012426,9549.877736210132,12975.984776921307,11681.811852577956,10462.734353297734,8241.119811938383
96,1,94.5,165.6,63.8,2028,97.0,3.15,3.29,9.4,69,5200,31.0,37,7799.0,-0.6856692730401842,12778.73688248337,13013.998834396498,12648.655088243355,13018.60272707317,10739.159658841463,9549.877736210132,12975.984776921307,11681.811852577956,10462.734353297734,8241.119811938383
97,1,94.5,165.3,63.8,1971,97.0,3.15,3.29,9.4,69,5200,31.0,37,7499.0,-0.7232216006514947,12259.592142276422,13013.998834396498,12648.655088243355,13483.196845658536,14243.557601012426,9549.877736210132,12975.984776921307,11681.811852577956,10462.734353297734,8241.119811938383
98,1,94.5,170.2,63.8,2037,97.0,3.15,3.29,9.4,69,5200,31.0,37,7999.0,-0.6606343879659772,12796.918700665188,13013.998834396498,12648.655088243355,13483.196845658536,12630.460163066202,9549.877736210132,12975.984776921307,11681.811852577956,10462.734353297734,8241.119811938383
99,2,95.1,162.4,63.8,2008,97.0,3.15,3.29,9.4,69,5200,31.0,37,8249.0,-0.6293407816232185,13284.592142276422,13013.998834396498,12648.655088243355,13018.60272707317,17246.394761517615,9549.877736210132,12975.984776921307,11681.811852577956,10462.734353297734,8241.119811938383
100,0,97.2,173.4,65.2,2324,120.0,3.33,3.47,8.5,97,5200,27.0,34,8949.0,-0.5417186838634942,12363.758808943088,13013.998834396498,12648.655088243355,13483.196845658536,10739.159658841463,9549.877736210132,12975.984776921307,11681.811852577956,10462.734353297734,8241.119811938383
101,0,97.2,173.4,65.2,2302,120.0,3.33,3.47,8.5,97,5200,27.0,34,9549.0,-0.4666140286408733,12937.827791574278,13013.998834396498,12648.655088243355,13483.196845658536,14243.557601012426,9549.877736210132,12975.984776921307,11681.811852577956,10462.734353297734,8241.119811938383
102,0,100.4,181.7,66.5,3095,181.0,3.43,3.27,9.0,152,5200,17.0,22,13499.0,0.027824951574713985,13296.918700665188,13013.998834396498,12648.655088243355,13483.196845658536,14243.557601012426,9549.877736210132,12975.984776921307,19958.52633510074,20614.444285509326,17324.036276031893
103,0,100.4,184.6,66.5,3296,181.0,3.43,3.27,9.0,152,5200,17.0,22,14399.0,0.14048193440864526,13378.73688248337,13013.998834396498,12648.655088243355,13483.196845658536,12630.460163066202,9549.877736210132,12975.984776921307,19958.52633510074,20614.444285509326,17324.036276031893
104,0,100.4,184.6,66.5,3060,181.0,3.43,3.27,9.0,152,5200,19.0,25,13499.0,0.027824951574713985,13296.918700665188,13013.998834396498,12648.655088243355,13483.196845658536,14243.557601012426,9549.877736210132,12975.984776921307,19958.52633510074,20614.444285509326,17324.036276031893
105,3,91.3,170.7,67.9,3071,181.0,3.43,3.27,9.0,160,5200,19.0,25,17199.0,0.4909703254475426,13633.282337028824,13013.998834396498,12648.655088243355,13018.60272707317,10739.159658841463,19139.402391945547,12975.984776921307,19958.52633510074,20614.444285509326,17324.036276031893
106,3,91.3,170.7,67.9,3139,181.0,3.43,3.27,7.8,200,5200,17.0,23,19699.0,0.8039063888751296,13860.555064301552,13013.998834396498,15655.303674623767,13018.60272707317,10739.159658841463,19139.402391945547,12975.984776921307,19958.52633510074,20614.444285509326,17324.036276031893
107,1,99.2,178.5,67.9,3139,181.0,3.43,3.27,9.0,160,5200,19.0,25,18399.0,0.6411796358927844,13284.592142276422,13013.998834396498,12648.655088243355,13018.60272707317,10739.159658841463,19139.402391945547,12975.984776921307,19958.52633510074,20614.444285509326,17324.036276031893
108,0,107.9,186.7,68.4,3020,120.0,3.46,3.19,8.4,97,5000,19.0,24,11900.0,-0.17232895459357062,14086.381606707317,13013.998834396498,12648.655088243355,13483.196845658536,14243.557601012426,19139.402391945547,12975.984776921307,14013.550259423502,10462.734353297734,17324.036276031893
109,0,107.9,186.7,68.4,3197,152.0,3.7,3.52,21.0,95,4150,28.0,33,13200.0,-0.009602201611225412,13269.73688248337,14984.33685691057,15655.303674623767,13483.196845658536,14243.557601012426,19139.402391945547,12975.984776921307,14013.550259423502,10462.734353297734,14984.33685691057
110,0,114.2,198.9,68.4,3230,120.0,3.46,3.19,8.4,97,5000,19.0,24,12440.0,-0.10473476489321183,13200.64597339246,13013.998834396498,12648.655088243355,13483.196845658536,12630.460163066202,19139.402391945547,12975.984776921307,14013.550259423502,10462.734353297734,17324.036276031893
111,0,114.2,198.9,68.4,3430,152.0,3.7,3.52,21.0,95,4150,25.0,25,13860.0,0.07301291913365754,14086.381606707317,14984.33685691057,15655.303674623767,13483.196845658536,12630.460163066202,19139.402391945547,12975.984776921307,14013.550259423502,10462.734353297734,14984.33685691057
112,0,107.9,186.7,68.4,3075,120.0,3.46,2.19,8.4,95,5000,19.0,24,15580.0,0.28831293077183734,14086.381606707317,13013.998834396498,12648.655088243355,13483.196845658536,14243.557601012426,19139.402391945547,12975.984776921307,14013.550259423502,10462.734353297734,17324.036276031893
113,0,107.9,186.7,68.4,3252,152.0,3.7,3.52,21.0,95,4150,28.0,33,16900.0,0.45354317226160323,13984.758808943088,14984.33685691057,15655.303674623767,13483.196845658536,14243.557601012426,19139.402391945547,12975.984776921307,14013.550259423502,10462.734353297734,14984.33685691057
114,0,114.2,198.9,68.4,3285,120.0,3.46,2.19,8.4,95,5000,19.0,24,16695.0,0.4278824150605411,14086.381606707317,13013.998834396498,12648.655088243355,13483.196845658536,12630.460163066202,19139.402391945547,12975.984776921307,14013.550259423502,10462.734353297734,17324.036276031893
115,0,114.2,198.9,68.4,3485,152.0,3.7,3.52,21.0,95,4150,25.0,25,17075.0,0.4754486967015343,13622.009609756096,14984.33685691057,15655.303674623767,13483.196845658536,12630.460163066202,19139.402391945547,12975.984776921307,14013.550259423502,10462.734353297734,14984.33685691057
116,0,107.9,186.7,68.4,3075,120.0,3.46,3.19,8.4,97,5000,19.0,24,16630.0,0.41974607741142383,14086.381606707317,13013.998834396498,12648.655088243355,13483.196845658536,14243.557601012426,19139.402391945547,12975.984776921307,14013.550259423502,10462.734353297734,17324.036276031893
117,0,107.9,186.7,68.4,3252,152.0,3.7,3.52,21.0,95,4150,28.0,33,17950.0,0.5849763189011897,14086.381606707317,14984.33685691057,15655.303674623767,13483.196845658536,14243.557601012426,19139.402391945547,12975.984776921307,14013.550259423502,10462.734353297734,14984.33685691057
118,0,108.0,186.7,68.3,3130,134.0,3.61,3.21,7.0,142,5600,18.0,24,18150.0,0.6100112039753967,13984.758808943088,13013.998834396498,15655.303674623767,13483.196845658536,14243.557601012426,19139.402391945547,12975.984776921307,14013.550259423502,10462.734353297734,17324.036276031893
119,1,93.7,157.3,63.8,1918,90.0,2.97,3.23,9.4,68,5500,37.0,41,5572.0,-0.9644327183414786,12047.342142276422,13013.998834396498,12648.655088243355,13018.60272707317,10739.159658841463,9549.877736210132,12975.984776921307,11681.811852577956,10462.734353297734,8241.119811938383
120,1,93.7,157.3,63.8,2128,98.0,3.03,3.39,7.6,102,5500,24.0,30,7957.0,-0.6658917138315606,12793.100518847006,13013.998834396498,15655.303674623767,13018.60272707317,10739.159658841463,9549.877736210132,12975.984776921307,11681.811852577956,10462.734353297734,12193.742405648267
121,1,93.7,157.3,63.8,1967,90.0,2.97,3.23,9.4,68,5500,31.0,38,6229.0,-0.8821931208727087,12047.342142276422,13013.998834396498,12648.655088243355,13483.196845658536,10739.159658841463,9549.877736210132,12975.984776921307,11681.811852577956,10462.734353297734,8241.119811938383
122,1,93.7,167.3,63.8,1989,90.0,2.97,3.23,9.4,68,5500,31.0,38,6692.0,-0.8242373619259197,12678.100518847006,13013.998834396498,12648.655088243355,13483.196845658536,14243.557601012426,9549.877736210132,12975.984776921307,11681.811852577956,10462.734353297734,8241.119811938383
123,1,93.7,167.3,63.8,2191,98.0,2.97,3.23,9.4,68,5500,31.0,38,7609.0,-0.7094524138606808,12761.464155210642,13013.998834396498,12648.655088243355,13483.196845658536,14243.557601012426,9549.877736210132,12975.984776921307,11681.811852577956,10462.734353297734,8241.119811938383
124,-1,103.3,174.6,64.6,2535,122.0,3.35,3.46,8.5,88,5000,24.0,30,8921.0,-0.5452235677738831,12880.73688248337,13013.998834396498,12648.655088243355,13483.196845658536,12630.460163066202,9549.877736210132,12975.984776921307,11681.811852577956,10462.734353297734,8241.119811938383
125,3,95.9,173.2,66.3,2818,156.0,3.59,3.86,7.0,145,5000,19.0,24,12764.0,-0.06417825107299657,13230.100518847006,13013.998834396498,15655.303674623767,13018.60272707317,10739.159658841463,19139.402391945547,12975.984776921307,11681.811852577956,10462.734353297734,12193.742405648267
126,3,94.5,168.9,68.3,2778,151.0,3.94,3.11,9.5,143,5500,19.0,27,22018.0,1.0941858813105592,14071.373246119734,13013.998834396498,12648.655088243355,13018.60272707317,10739.159658841463,19139.402391945547,12975.984776921307,11681.811852577956,10462.734353297734,17324.036276031893
127,3,89.5,168.9,65.0,2756,194.0,3.74,2.9,9.5,207,5900,17.0,25,32528.0,2.4097690919601344,15026.827791574278,13013.998834396498,12648.655088243355,13018.60272707317,17246.394761517615,19139.402391945547,18180.854285178237,13553.844228292683,20614.444285509326,17324.036276031893
128,3,89.5,168.9,65.0,2756,194.0,3.74,2.9,9.5,207,5900,17.0,25,34028.0,2.5975307300166866,16516.300475609754,13013.998834396498,12648.655088243355,13018.60272707317,17246.394761517615,19139.402391945547,18180.854285178237,13553.844228292683,20614.444285509326,17324.036276031893
129,3,89.5,168.9,65.0,2800,194.0,3.74,2.9,9.5,207,5900,17.0,25,37028.0,2.973054006129791,15435.918700665188,13013.998834396498,12648.655088243355,13018.60272707317,16506.881606707317,19139.402391945547,18180.854285178237,13553.844228292683,20614.444285509326,17324.036276031893
130,1,98.4,175.7,72.3,3366,203.0,3.94,3.11,10.0,288,5750,17.0,28,31400.5,2.268634927354293,16516.300475609754,13013.998834396498,12648.655088243355,13018.60272707317,10739.159658841463,19139.402391945547,12975.984776921307,14924.327791574278,21317.840380487803,17324.036276031893
131,0,96.1,181.5,66.5,2579,132.0,3.46,3.9,8.7,90,5100,23.0,31,9295.0,-0.4984083326851162,12914.73688248337,13013.998834396498,12648.655088243355,13483.196845658536,12630.460163066202,9549.877736210132,12975.984776921307,11681.811852577956,10462.734353297734,17324.036276031893
132,2,96.1,176.8,66.6,2460,132.0,3.46,3.9,8.7,90,5100,23.0,31,9895.0,-0.4233036774624953,12969.282337028824,13013.998834396498,12648.655088243355,13018.60272707317,10739.159658841463,9549.877736210132,12975.984776921307,11681.811852577956,10462.734353297734,17324.036276031893
133,3,99.1,186.6,66.5,2658,121.0,3.54,3.07,9.31,110,5250,21.0,28,11850.0,-0.17858767586212235,13603.092142276422,13013.998834396498,12648.655088243355,13018.60272707317,10739.159658841463,9549.877736210132,12975.984776921307,11681.811852577956,10462.734353297734,17324.036276031893
134,2,99.1,186.6,66.5,2695,121.0,3.54,3.07,9.3,110,5250,21.0,28,12170.0,-0.13853185974339122,13331.425475609756,13013.998834396498,12648.655088243355,13483.196845658536,14243.557601012426,9549.877736210132,12975.984776921307,11681.811852577956,10462.734353297734,17324.036276031893
135,3,99.1,186.6,66.5,2707,121.0,2.54,2.07,9.3,110,5250,21.0,28,15040.0,0.22071874107147857,13331.425475609756,13013.998834396498,12648.655088243355,13018.60272707317,10739.159658841463,9549.877736210132,12975.984776921307,11681.811852577956,10462.734353297734,17324.036276031893
136,2,99.1,186.6,66.5,2758,121.0,3.54,3.07,9.3,110,5250,21.0,28,15510.0,0.2795507209958649,13868.925475609756,13013.998834396498,12648.655088243355,13483.196845658536,14243.557601012426,9549.877736210132,12975.984776921307,11681.811852577956,10462.734353297734,17324.036276031893
137,3,99.1,186.6,66.5,2808,121.0,3.54,3.07,9.0,160,5500,19.0,26,18150.0,0.6100112039753967,13868.925475609756,13013.998834396498,15655.303674623767,13018.60272707317,10739.159658841463,9549.877736210132,12975.984776921307,15916.550259423502,10462.734353297734,17324.036276031893
138,2,99.1,186.6,66.5,2847,121.0,3.54,3.07,9.0,160,5500,19.0,26,18620.0,0.668843183899783,13603.092142276422,13013.998834396498,15655.303674623767,13483.196845658536,14243.557601012426,9549.877736210132,12975.984776921307,15916.550259423502,10462.734353297734,17324.036276031893
139,2,93.7,156.9,63.4,2050,97.0,3.62,2.36,9.0,69,4900,31.0,36,5118.0,-1.0212619074599283,12084.258808943088,13013.998834396498,12648.655088243355,13018.60272707317,10739.159658841463,9549.877736210132,12975.984776921307,13553.844228292683,10462.734353297734,8241.119811938383
140,2,93.7,157.9,63.6,2120,108.0,3.62,2.64,8.7,73,4400,26.0,31,7053.0,-0.7790493943669761,11937.86469337979,13013.998834396498,12648.655088243355,13018.60272707317,10739.159658841463,9549.877736210132,12975.984776921307,13553.844228292683,10462.734353297734,8241.119811938383
141,2,93.3,157.3,63.8,2240,108.0,3.62,2.64,8.7,73,4400,26.0,31,7603.0,-0.7102034604129069,11937.86469337979,13013.998834396498,12648.655088243355,13018.60272707317,10739.159658841463,12239.698563543005,12975.984776921307,13553.844228292683,10462.734353297734,8241.119811938383
142,0,97.2,172.0,65.4,2145,108.0,3.62,2.64,9.5,82,4800,32.0,37,7126.0,-0.7699116613148905,12084.258808943088,13013.998834396498,12648.655088243355,13483.196845658536,14243.557601012426,9549.877736210132,12975.984776921307,13553.844228292683,10462.734353297734,8241.119811938383
143,0,97.2,172.0,65.4,2190,108.0,3.62,2.64,9.5,82,4400,28.0,33,7775.0,-0.688673459249089,12776.555064301552,13013.998834396498,12648.655088243355,13483.196845658536,14243.557601012426,9549.877736210132,12975.984776921307,13553.844228292683,10462.734353297734,8241.119811938383
144,0,97.2,172.0,65.4,2340,108.0,3.62,2.64,9.0,94,5200,26.0,32,9960.0,-0.41516733981337806,12975.191427937914,13013.998834396498,12648.655088243355,13483.196845658536,14243.557601012426,9549.877736210132,12975.984776921307,13553.844228292683,10462.734353297734,17324.036276031893
145,0,97.0,172.0,65.4,2385,108.0,3.62,2.64,9.0,82,4800,24.0,25,9233.0,-0.5061691470581203,12909.100518847006,13013.998834396498,12648.655088243355,13483.196845658536,14243.557601012426,12239.698563543005,12975.984776921307,13553.844228292683,10462.734353297734,8241.119811938383
146,0,97.0,172.0,65.4,2510,108.0,3.62,2.64,7.7,111,4800,24.0,29,11259.0,-0.2525657612564039,13093.282337028824,13013.998834396498,15655.303674623767,13483.196845658536,14243.557601012426,12239.698563543005,12975.984776921307,13553.844228292683,10462.734353297734,17324.036276031893
147,0,97.0,173.5,65.4,2290,108.0,3.62,2.64,9.0,82,4800,28.0,32,7463.0,-0.7277278799648519,12748.191427937914,13013.998834396498,12648.655088243355,13483.196845658536,12630.460163066202,9549.877736210132,12975.984776921307,13553.844228292683,10462.734353297734,8241.119811938383
148,0,97.0,173.5,65.4,2455,108.0,3.62,2.64,9.0,94,5200,25.0,31,10198.0,-0.3853758265750718,12996.827791574278,13013.998834396498,12648.655088243355,13483.196845658536,12630.460163066202,9549.877736210132,12975.984776921307,13553.844228292683,10462.734353297734,17324.036276031893
149,0,96.9,173.6,65.4,2420,108.0,3.62,2.64,9.0,82,4800,23.0,29,8013.0,-0.6588819460107828,11937.86469337979,13013.998834396498,12648.655088243355,13483.196845658536,12630.460163066202,12239.698563543005,12975.984776921307,13553.844228292683,10462.734353297734,8241.119811938383
150,0,96.9,173.6,65.4,2650,108.0,3.62,2.64,7.7,111,4800,23.0,23,11694.0,-0.19811488622000376,11937.86469337979,13013.998834396498,15655.303674623767,13483.196845658536,12630.460163066202,12239.698563543005,12975.984776921307,13553.844228292683,10462.734353297734,17324.036276031893
151,1,95.7,158.7,63.6,1985,92.0,3.05,3.03,9.0,62,4800,35.0,39,5348.0,-0.9924717896245904,12555.918700665188,13013.998834396498,12648.655088243355,13018.60272707317,10739.159658841463,9549.877736210132,12975.984776921307,11681.811852577956,10462.734353297734,8241.119811938383
152,1,95.7,158.7,63.6,2040,92.0,3.05,3.03,9.0,62,4800,31.0,38,6338.0,-0.868549108507266,11810.319106707317,13013.998834396498,12648.655088243355,13018.60272707317,10739.159658841463,9549.877736210132,12975.984776921307,11681.811852577956,10462.734353297734,8241.119811938383
153,1,95.7,158.7,63.6,2015,92.0,3.05,3.03,9.0,62,4800,31.0,38,6488.0,-0.8497729447016108,12204.425475609756,13013.998834396498,12648.655088243355,13483.196845658536,10739.159658841463,9549.877736210132,12975.984776921307,11681.811852577956,10462.734353297734,8241.119811938383
154,0,95.7,169.7,63.6,2280,92.0,3.05,3.03,9.0,62,4800,31.0,37,6918.0,-0.7959479417920658,12698.64597339246,13013.998834396498,12648.655088243355,13483.196845658536,12630.460163066202,9549.877736210132,12975.984776921307,11681.811852577956,10462.734353297734,8241.119811938383
155,0,95.7,169.7,63.6,2290,92.0,3.05,3.03,9.0,62,4800,27.0,32,7898.0,-0.6732770049284518,12787.73688248337,13013.998834396498,12648.655088243355,13483.196845658536,12630.460163066202,12239.698563543005,12975.984776921307,11681.811852577956,10462.734353297734,8241.119811938383
156,0,95.7,169.7,63.6,3110,92.0,3.05,3.03,9.0,62,4800,27.0,32,8778.0,-0.5631235106019411,12867.73688248337,13013.998834396498,12648.655088243355,13483.196845658536,12630.460163066202,12239.698563543005,12975.984776921307,11681.811852577956,10462.734353297734,8241.119811938383
157,0,95.7,166.3,64.4,2081,98.0,3.19,3.03,9.0,70,4800,30.0,37,6938.0,-0.7934444532846451,12323.931208255159,13013.998834396498,12648.655088243355,13483.196845658536,14243.557601012426,9549.877736210132,12975.984776921307,11681.811852577956,10462.734353297734,8241.119811938383
158,0,95.7,166.3,64.4,2109,98.0,3.19,3.03,9.0,70,4800,30.0,37,7198.0,-0.7608991026881761,12204.425475609756,13013.998834396498,12648.655088243355,13483.196845658536,10739.159658841463,9549.877736210132,12975.984776921307,11681.811852577956,10462.734353297734,8241.119811938383
159,0,95.7,166.3,64.4,2275,110.0,3.27,3.35,22.5,56,4500,34.0,36,7898.0,-0.6732770049284518,11810.319106707317,14984.33685691057,12648.655088243355,13483.196845658536,14243.557601012426,9549.877736210132,12975.984776921307,11681.811852577956,10462.734353297734,14984.33685691057
160,0,95.7,166.3,64.4,2275,110.0,3.27,3.35,22.5,56,4500,38.0,47,7788.0,-0.6870461917192655,11871.694106707317,14984.33685691057,12648.655088243355,13483.196845658536,10739.159658841463,9549.877736210132,12975.984776921307,11681.811852577956,10462.734353297734,14984.33685691057
161,0,95.7,166.3,64.4,2094,98.0,3.19,3.03,9.0,70,4800,38.0,47,7738.0,-0.6933049129878173,11810.319106707317,13013.998834396498,12648.655088243355,13483.196845658536,14243.557601012426,9549.877736210132,12975.984776921307,11681.811852577956,10462.734353297734,8241.119811938383
162,0,95.7,166.3,64.4,2122,98.0,3.19,3.03,9.0,70,4800,28.0,34,8358.0,-0.6156967692577757,11871.694106707317,13013.998834396498,12648.655088243355,13483.196845658536,10739.159658841463,9549.877736210132,12975.984776921307,11681.811852577956,10462.734353297734,8241.119811938383
163,0,95.7,166.3,64.4,2140,98.0,3.19,3.03,9.0,70,4800,28.0,34,9258.0,-0.5030397864238445,12323.931208255159,13013.998834396498,12648.655088243355,13483.196845658536,14243.557601012426,9549.877736210132,12975.984776921307,11681.811852577956,10462.734353297734,8241.119811938383
164,1,94.5,168.7,64.0,2169,98.0,3.19,3.03,9.0,70,4800,29.0,34,8058.0,-0.6532490968690862,13115.258808943088,13013.998834396498,12648.655088243355,13018.60272707317,14243.557601012426,19139.402391945547,12975.984776921307,11681.811852577956,10462.734353297734,8241.119811938383
165,1,94.5,168.7,64.0,2204,98.0,3.19,3.03,9.0,70,4800,29.0,34,8238.0,-0.6307177003022999,11810.319106707317,13013.998834396498,12648.655088243355,13018.60272707317,10739.159658841463,19139.402391945547,12975.984776921307,11681.811852577956,10462.734353297734,8241.119811938383
166,1,94.5,168.7,64.0,2265,98.0,3.24,3.08,9.4,112,6600,26.0,29,9298.0,-0.4980328094090031,12915.009609756096,13013.998834396498,12648.655088243355,13018.60272707317,14243.557601012426,19139.402391945547,12975.984776921307,15916.550259423502,10462.734353297734,17324.036276031893
167,1,94.5,168.7,64.0,2300,98.0,3.24,3.08,9.4,112,6600,26.0,29,9538.0,-0.4679909473199547,12936.827791574278,13013.998834396498,12648.655088243355,13018.60272707317,10739.159658841463,19139.402391945547,12975.984776921307,15916.550259423502,10462.734353297734,17324.036276031893
168,2,98.4,176.2,65.6,2540,146.0,3.62,3.5,9.3,116,4800,24.0,30,8449.0,-0.6043058965490116,12837.827791574278,13013.998834396498,12648.655088243355,13018.60272707317,17246.394761517615,19139.402391945547,12975.984776921307,11681.811852577956,10462.734353297734,17324.036276031893
169,2,98.4,176.2,65.6,2536,146.0,3.62,3.5,9.3,116,4800,24.0,30,9639.0,-0.45534833035748024,11871.694106707317,13013.998834396498,12648.655088243355,13018.60272707317,17246.394761517615,19139.402391945547,12975.984776921307,11681.811852577956,10462.734353297734,17324.036276031893
170,2,98.4,176.2,65.6,2551,146.0,3.62,3.5,9.3,116,4800,24.0,30,9989.0,-0.41153728147761803,13203.842142276422,13013.998834396498,12648.655088243355,13018.60272707317,10739.159658841463,19139.402391945547,12975.984776921307,11681.811852577956,10462.734353297734,17324.036276031893
171,2,98.4,176.2,65.6,2679,146.0,3.62,3.5,9.3,116,4800,24.0,30,11199.0,-0.260076226778666,13087.827791574278,13013.998834396498,12648.655088243355,13018.60272707317,17246.394761517615,19139.402391945547,12975.984776921307,11681.811852577956,10462.734353297734,17324.036276031893
172,2,98.4,176.2,65.6,2714,146.0,3.62,3.5,9.3,116,4800,24.0,30,11549.0,-0.2162651778988038,11871.694106707317,13013.998834396498,12648.655088243355,13018.60272707317,10739.159658841463,19139.402391945547,12975.984776921307,11681.811852577956,10462.734353297734,17324.036276031893
173,2,98.4,176.2,65.6,2975,146.0,3.62,3.5,9.3,116,4800,24.0,30,17669.0,0.549802305371929,13676.009609756096,13013.998834396498,12648.655088243355,13018.60272707317,16506.881606707317,19139.402391945547,12975.984776921307,11681.811852577956,10462.734353297734,17324.036276031893
174,-1,102.4,175.6,66.5,2326,122.0,3.31,3.54,8.7,92,4200,29.0,34,8948.0,-0.5418438582888653,11871.694106707317,13013.998834396498,12648.655088243355,13483.196845658536,14243.557601012426,9549.877736210132,12975.984776921307,11681.811852577956,10462.734353297734,17324.036276031893
175,-1,102.4,175.6,66.5,2480,110.0,3.27,3.35,22.5,73,4500,30.0,33,10698.0,-0.3227886138895544,13042.282337028824,14984.33685691057,15655.303674623767,13483.196845658536,14243.557601012426,9549.877736210132,12975.984776921307,11681.811852577956,10462.734353297734,14984.33685691057
176,-1,102.4,175.6,66.5,2414,122.0,3.31,3.54,8.7,92,4200,27.0,32,9988.0,-0.41166245590298906,11810.319106707317,13013.998834396498,12648.655088243355,13483.196845658536,10739.159658841463,9549.877736210132,12975.984776921307,11681.811852577956,10462.734353297734,17324.036276031893
177,-1,102.4,175.6,66.5,2414,122.0,3.31,3.54,8.7,92,4200,27.0,32,10898.0,-0.29775372881534745,11871.694106707317,13013.998834396498,12648.655088243355,13483.196845658536,14243.557601012426,9549.877736210132,12975.984776921307,11681.811852577956,10462.734353297734,17324.036276031893
178,-1,102.4,175.6,66.5,2458,122.0,3.31,3.54,8.7,92,4200,27.0,32,11248.0,-0.25394267993548525,12323.931208255159,13013.998834396498,12648.655088243355,13483.196845658536,10739.159658841463,9549.877736210132,12975.984776921307,11681.811852577956,10462.734353297734,17324.036276031893
179,3,102.9,183.5,67.7,2976,171.0,3.27,3.35,9.3,161,5200,20.0,24,16558.0,0.4107335187847093,13115.258808943088,13013.998834396498,12648.655088243355,13018.60272707317,10739.159658841463,19139.402391945547,12975.984776921307,15916.550259423502,20614.444285509326,17324.036276031893
180,3,102.9,183.5,67.7,3016,171.0,3.27,3.35,9.3,161,5200,19.0,24,15998.0,0.34063584057692986,11810.319106707317,13013.998834396498,12648.655088243355,13018.60272707317,10739.159658841463,19139.402391945547,12975.984776921307,15916.550259423502,20614.444285509326,17324.036276031893
181,-1,104.5,187.8,66.5,3131,171.0,3.27,3.35,9.2,156,5200,20.0,24,15690.0,0.30208211756265113,13203.842142276422,13013.998834396498,12648.655088243355,13483.196845658536,14243.557601012426,19139.402391945547,12975.984776921307,15916.550259423502,20614.444285509326,17324.036276031893
182,-1,104.5,187.8,66.5,3151,161.0,3.27,3.35,9.2,156,5200,19.0,24,15750.0,0.3095925830849132,13501.555064301552,13013.998834396498,12648.655088243355,13483.196845658536,12630.460163066202,19139.402391945547,12975.984776921307,15916.550259423502,20614.444285509326,17324.036276031893
183,2,97.3,171.7,65.5,2261,97.0,3.01,3.4,23.0,52,4800,37.0,46,7775.0,-0.688673459249089,12776.555064301552,14984.33685691057,12648.655088243355,13018.60272707317,14243.557601012426,9549.877736210132,12975.984776921307,11681.811852577956,10462.734353297734,14984.33685691057
184,2,97.3,171.7,65.5,2209,109.0,3.19,3.4,9.0,85,5250,27.0,34,7975.0,-0.663638574174882,12794.73688248337,13013.998834396498,12648.655088243355,13018.60272707317,14243.557601012426,9549.877736210132,12975.984776921307,11681.811852577956,10462.734353297734,17324.036276031893
185,2,97.3,171.7,65.5,2264,97.0,3.01,3.4,23.0,52,4800,37.0,46,7995.0,-0.6611350856674614,12796.555064301552,14984.33685691057,12648.655088243355,13483.196845658536,14243.557601012426,9549.877736210132,12975.984776921307,11681.811852577956,10462.734353297734,14984.33685691057
186,2,97.3,171.7,65.5,2212,109.0,3.19,3.4,9.0,85,5250,27.0,34,8195.0,-0.6361002005932545,12814.73688248337,13013.998834396498,12648.655088243355,13483.196845658536,14243.557601012426,9549.877736210132,12975.984776921307,11681.811852577956,10462.734353297734,17324.036276031893
187,2,97.3,171.7,65.5,2275,109.0,3.19,3.4,9.0,85,5250,27.0,34,8495.0,-0.598547872981944,12842.009609756096,13013.998834396498,12648.655088243355,13483.196845658536,14243.557601012426,9549.877736210132,12975.984776921307,11681.811852577956,10462.734353297734,17324.036276031893
188,2,97.3,171.7,65.5,2319,97.0,3.01,3.4,23.0,68,4500,37.0,42,9495.0,-0.4733734476109092,12932.918700665188,14984.33685691057,15655.303674623767,13483.196845658536,14243.557601012426,9549.877736210132,12975.984776921307,11681.811852577956,10462.734353297734,14984.33685691057
189,2,97.3,171.7,65.5,2300,109.0,3.19,3.4,10.0,100,5500,26.0,32,9995.0,-0.41078623492539185,12921.008808943088,13013.998834396498,12648.655088243355,13483.196845658536,14243.557601012426,9549.877736210132,12975.984776921307,11681.811852577956,10462.734353297734,17324.036276031893
190,3,94.5,159.3,64.2,2254,109.0,3.19,3.4,8.5,90,5500,24.0,29,11595.0,-0.21050715433173622,13123.827791574278,13013.998834396498,12648.655088243355,13018.60272707317,16506.881606707317,9549.877736210132,12975.984776921307,11681.811852577956,10462.734353297734,17324.036276031893
191,3,94.5,165.7,64.0,2221,109.0,3.19,3.4,8.5,90,5500,24.0,29,9980.0,-0.41266385130595734,12977.009609756096,13013.998834396498,12648.655088243355,13018.60272707317,10739.159658841463,9549.877736210132,12975.984776921307,11681.811852577956,10462.734353297734,17324.036276031893
192,0,100.4,180.2,66.9,2661,136.0,3.19,3.4,8.5,110,5500,19.0,24,13295.0,0.0022893687990228916,13278.373246119734,13013.998834396498,12648.655088243355,13483.196845658536,14243.557601012426,9549.877736210132,12975.984776921307,11681.811852577956,17652.489176538907,17324.036276031893
193,0,100.4,180.2,66.9,2579,97.0,3.01,3.4,23.0,68,4500,33.0,38,13845.0,0.07113530275309202,13328.373246119734,14984.33685691057,15655.303674623767,13483.196845658536,14243.557601012426,9549.877736210132,12975.984776921307,11681.811852577956,10462.734353297734,14984.33685691057
194,0,100.4,183.1,66.9,2563,109.0,3.19,3.4,9.0,88,5500,25.0,31,12290.0,-0.12351092869886705,12921.008808943088,13013.998834396498,12648.655088243355,13483.196845658536,12630.460163066202,9549.877736210132,12975.984776921307,11681.811852577956,10462.734353297734,17324.036276031893
195,-2,104.3,188.8,67.2,2912,141.0,3.78,3.15,9.5,114,5400,23.0,28,12940.0,-0.04214755220769445,13546.008808943088,13013.998834396498,12648.655088243355,13483.196845658536,14243.557601012426,19139.402391945547,12975.984776921307,11681.811852577956,10462.734353297734,17324.036276031893
196,-1,104.3,188.8,67.2,3034,141.0,3.78,3.15,9.5,114,5400,23.0,28,13415.0,0.017310299843547063,13768.925475609756,13013.998834396498,12648.655088243355,13483.196845658536,12630.460163066202,19139.402391945547,12975.984776921307,11681.811852577956,10462.734353297734,17324.036276031893
197,-2,104.3,188.8,67.2,2935,141.0,3.78,3.15,9.5,114,5400,24.0,28,15985.0,0.3390085730471064,14186.425475609756,13013.998834396498,12648.655088243355,13483.196845658536,14243.557601012426,19139.402391945547,12975.984776921307,11681.811852577956,10462.734353297734,17324.036276031893
198,-1,104.3,188.8,67.2,3042,141.0,3.78,3.15,9.5,114,5400,24.0,28,16515.0,0.4053510184937548,13571.100518847006,13013.998834396498,12648.655088243355,13483.196845658536,12630.460163066202,19139.402391945547,12975.984776921307,11681.811852577956,10462.734353297734,17324.036276031893
199,-2,104.3,188.8,67.2,3045,130.0,3.62,3.15,7.5,162,5100,17.0,22,18420.0,0.6438082988255761,14484.342142276422,13013.998834396498,15655.303674623767,13483.196845658536,14243.557601012426,19139.402391945547,12975.984776921307,11681.811852577956,10462.734353297734,17324.036276031893
200,-1,104.3,188.8,67.2,3157,130.0,3.62,3.15,7.5,162,5100,17.0,22,18950.0,0.7101507442722245,13792.464155210642,13013.998834396498,15655.303674623767,13483.196845658536,12630.460163066202,19139.402391945547,12975.984776921307,11681.811852577956,10462.734353297734,17324.036276031893
201,-1,109.1,188.8,68.9,2952,141.0,3.78,3.15,9.5,114,5400,23.0,28,16845.0,0.4466585788661963,13546.008808943088,13013.998834396498,12648.655088243355,13483.196845658536,14243.557601012426,19139.402391945547,12975.984776921307,11681.811852577956,10462.734353297734,17324.036276031893
202,-1,109.1,188.8,68.8,3049,141.0,3.78,3.15,8.7,160,5300,19.0,25,19045.0,0.7220423146824728,13768.925475609756,13013.998834396498,15655.303674623767,13483.196845658536,14243.557601012426,19139.402391945547,12975.984776921307,11681.811852577956,10462.734353297734,17324.036276031893
203,-1,109.1,188.8,68.9,3012,173.0,3.58,2.87,8.8,134,5500,18.0,23,21485.0,1.0274679125877977,14186.425475609756,13013.998834396498,12648.655088243355,13483.196845658536,14243.557601012426,19139.402391945547,12975.984776921307,19958.52633510074,20614.444285509326,17324.036276031893
204,-1,109.1,188.8,68.9,3217,145.0,3.01,3.4,23.0,106,4800,26.0,27,22470.0,1.1507647215782668,14112.464155210642,14984.33685691057,15655.303674623767,13483.196845658536,14243.557601012426,19139.402391945547,12975.984776921307,11681.811852577956,20614.444285509326,14984.33685691057
205,-1,109.1,188.8,68.9,3062,141.0,3.78,3.15,9.5,114,5400,19.0,25,22625.0,1.1701667575107773,14484.342142276422,13013.998834396498,15655.303674623767,13483.196845658536,14243.557601012426,19139.402391945547,12975.984776921307,11681.811852577956,10462.734353297734,17324.036276031893
