{
"meta":{"test_sets":[],"test_metrics":[],"learn_metrics":[{"best_value":"Min","name":"RMSE"}],"launch_mode":"Train","parameters":"","iteration_count":1000,"learn_sets":["learn"],"name":"experiment"},
"iterations":[
{"learn":[11745.01703],"iteration":0,"passed_time":0.001064041727,"remaining_time":1.062977685},
{"learn":[11396.17047],"iteration":1,"passed_time":0.001794921387,"remaining_time":0.8956657724},
{"learn":[11147.30306],"iteration":2,"passed_time":0.008884532805,"remaining_time":2.952626402},
{"learn":[10850.72826],"iteration":3,"passed_time":0.01295828888,"remaining_time":3.226613932},
{"learn":[10541.57576],"iteration":4,"passed_time":0.01630407004,"remaining_time":3.244509939},
{"learn":[10253.90217],"iteration":5,"passed_time":0.01714664409,"remaining_time":2.840627371},
{"learn":[10035.30067],"iteration":6,"passed_time":0.02376302915,"remaining_time":3.370955421},
{"learn":[9825.076694],"iteration":7,"passed_time":0.0291472707,"remaining_time":3.614261566},
{"learn":[9564.022718],"iteration":8,"passed_time":0.03058328769,"remaining_time":3.367559789},
{"learn":[9348.308371],"iteration":9,"passed_time":0.03442425512,"remaining_time":3.408001257},
{"learn":[9146.779967],"iteration":10,"passed_time":0.03798545808,"remaining_time":3.415238004},
{"learn":[8955.026814],"iteration":11,"passed_time":0.04269306081,"remaining_time":3.515062007},
{"learn":[8718.965449],"iteration":12,"passed_time":0.04327936011,"remaining_time":3.285902187},
{"learn":[8491.438203],"iteration":13,"passed_time":0.04355628053,"remaining_time":3.067606614},
{"learn":[8302.083316],"iteration":14,"passed_time":0.04743950482,"remaining_time":3.11519415},
{"learn":[8131.240148],"iteration":15,"passed_time":0.05105638424,"remaining_time":3.139967631},
{"learn":[7927.039051],"iteration":16,"passed_time":0.05136340364,"remaining_time":2.970013281},
{"learn":[7770.780873],"iteration":17,"passed_time":0.05585788699,"remaining_time":3.047358057},
{"learn":[7625.198244],"iteration":18,"passed_time":0.05777056948,"remaining_time":2.982785719},
{"learn":[7468.2007],"iteration":19,"passed_time":0.05970441029,"remaining_time":2.925516104},
{"learn":[7311.633714],"iteration":20,"passed_time":0.06014506587,"remaining_time":2.80390569},
{"learn":[7145.382581],"iteration":21,"passed_time":0.06046387542,"remaining_time":2.687894098},
{"learn":[7017.823586],"iteration":22,"passed_time":0.06518252015,"remaining_time":2.768840095},
{"learn":[6884.255081],"iteration":23,"passed_time":0.06867632896,"remaining_time":2.792837378},
{"learn":[6776.31717],"iteration":24,"passed_time":0.07247070279,"remaining_time":2.826357409},
{"learn":[6673.064001],"iteration":25,"passed_time":0.07262061259,"remaining_time":2.720479872},
{"learn":[6558.636507],"iteration":26,"passed_time":0.07299050011,"remaining_time":2.630361356},
{"learn":[6462.834318],"iteration":27,"passed_time":0.07406106052,"remaining_time":2.570976815},
{"learn":[6364.448061],"iteration":28,"passed_time":0.07799988791,"remaining_time":2.611651419},
{"learn":[6260.047038],"iteration":29,"passed_time":0.07980309691,"remaining_time":2.580300133},
{"learn":[6155.684038],"iteration":30,"passed_time":0.08030004848,"remaining_time":2.510024096},
{"learn":[6069.538132],"iteration":31,"passed_time":0.08350020223,"remaining_time":2.525881118},
{"learn":[5964.272909],"iteration":32,"passed_time":0.0837639612,"remaining_time":2.454537893},
{"learn":[5887.71351],"iteration":33,"passed_time":0.08795234086,"remaining_time":2.498881214},
{"learn":[5796.509352],"iteration":34,"passed_time":0.08903547308,"remaining_time":2.454835186},
{"learn":[5710.188953],"iteration":35,"passed_time":0.08940066519,"remaining_time":2.393951146},
{"learn":[5633.24101],"iteration":36,"passed_time":0.09255982197,"remaining_time":2.409056988},
{"learn":[5573.075202],"iteration":37,"passed_time":0.09588016242,"remaining_time":2.427282007},
{"learn":[5511.965668],"iteration":38,"passed_time":0.09749761113,"remaining_time":2.402441136},
{"learn":[5448.430152],"iteration":39,"passed_time":0.09813627366,"remaining_time":2.355270568},
{"learn":[5393.379878],"iteration":40,"passed_time":0.1012852018,"remaining_time":2.369085574},
{"learn":[5335.142241],"iteration":41,"passed_time":0.104150882,"remaining_time":2.375632022},
{"learn":[5277.242718],"iteration":42,"passed_time":0.1070120723,"remaining_time":2.381640772},
{"learn":[5214.978062],"iteration":43,"passed_time":0.1076097125,"remaining_time":2.338065572},
{"learn":[5164.792298],"iteration":44,"passed_time":0.1092546534,"remaining_time":2.318626534},
{"learn":[5110.401968],"iteration":45,"passed_time":0.1099150793,"remaining_time":2.279543167},
{"learn":[5061.10442],"iteration":46,"passed_time":0.1136313331,"remaining_time":2.304056606},
{"learn":[5014.209127],"iteration":47,"passed_time":0.1142473918,"remaining_time":2.265906603},
{"learn":[4973.171129],"iteration":48,"passed_time":0.1171361396,"remaining_time":2.273397321},
{"learn":[4925.358929],"iteration":49,"passed_time":0.1177923238,"remaining_time":2.238054152},
{"learn":[4886.77212],"iteration":50,"passed_time":0.1181393239,"remaining_time":2.198318008},
{"learn":[4851.925544],"iteration":51,"passed_time":0.1209809736,"remaining_time":2.205576212},
{"learn":[4812.706421],"iteration":52,"passed_time":0.1240026964,"remaining_time":2.215670821},
{"learn":[4775.438783],"iteration":53,"passed_time":0.1243331757,"remaining_time":2.17813304},
{"learn":[4740.831109],"iteration":54,"passed_time":0.1246476258,"remaining_time":2.141672844},
{"learn":[4708.087648],"iteration":55,"passed_time":0.1274636754,"remaining_time":2.148673385},
{"learn":[4677.841197],"iteration":56,"passed_time":0.1276570522,"remaining_time":2.111940354},
{"learn":[4650.317521],"iteration":57,"passed_time":0.129232542,"remaining_time":2.098914734},
{"learn":[4623.228519],"iteration":58,"passed_time":0.1321231484,"remaining_time":2.107252248},
{"learn":[4596.77537],"iteration":59,"passed_time":0.132579795,"remaining_time":2.077083455},
{"learn":[4566.177859],"iteration":60,"passed_time":0.1342150725,"remaining_time":2.066032017},
{"learn":[4540.233178],"iteration":61,"passed_time":0.1348573607,"remaining_time":2.040261361},
{"learn":[4511.843738],"iteration":62,"passed_time":0.1377315803,"remaining_time":2.04848398},
{"learn":[4490.9242],"iteration":63,"passed_time":0.1380747862,"remaining_time":2.019343749},
{"learn":[4471.265326],"iteration":64,"passed_time":0.1418410356,"remaining_time":2.040328743},
{"learn":[4444.994664],"iteration":65,"passed_time":0.1447316094,"remaining_time":2.048171563},
{"learn":[4426.329011],"iteration":66,"passed_time":0.1478715127,"remaining_time":2.05916599},
{"learn":[4402.475151],"iteration":67,"passed_time":0.1507165064,"remaining_time":2.065702705},
{"learn":[4378.730766],"iteration":68,"passed_time":0.1538769566,"remaining_time":2.076223863},
{"learn":[4353.944543],"iteration":69,"passed_time":0.1566729628,"remaining_time":2.08151222},
{"learn":[4334.587318],"iteration":70,"passed_time":0.1595312258,"remaining_time":2.087387447},
{"learn":[4322.259572],"iteration":71,"passed_time":0.1599917481,"remaining_time":2.062115864},
{"learn":[4304.194733],"iteration":72,"passed_time":0.1630358447,"remaining_time":2.070331891},
{"learn":[4289.483122],"iteration":73,"passed_time":0.1632822323,"remaining_time":2.04323442},
{"learn":[4281.625928],"iteration":74,"passed_time":0.1634333033,"remaining_time":2.015677407},
{"learn":[4258.183251],"iteration":75,"passed_time":0.1662012494,"remaining_time":2.020657295},
{"learn":[4245.12741],"iteration":76,"passed_time":0.1668180942,"remaining_time":1.999650661},
{"learn":[4228.902863],"iteration":77,"passed_time":0.1696082719,"remaining_time":2.004856753},
{"learn":[4209.865733],"iteration":78,"passed_time":0.1724889622,"remaining_time":2.010915622},
{"learn":[4194.450929],"iteration":79,"passed_time":0.1756322556,"remaining_time":2.01977094},
{"learn":[4173.209724],"iteration":80,"passed_time":0.1784670733,"remaining_time":2.024830128},
{"learn":[4161.640571],"iteration":81,"passed_time":0.1813764912,"remaining_time":2.030531938},
{"learn":[4144.305884],"iteration":82,"passed_time":0.1842802165,"remaining_time":2.035963355},
{"learn":[4128.290838],"iteration":83,"passed_time":0.1870875247,"remaining_time":2.040144912},
{"learn":[4111.192482],"iteration":84,"passed_time":0.189929581,"remaining_time":2.044536078},
{"learn":[4097.273048],"iteration":85,"passed_time":0.1927850108,"remaining_time":2.048901162},
{"learn":[4082.404595],"iteration":86,"passed_time":0.1955821366,"remaining_time":2.052488399},
{"learn":[4074.769298],"iteration":87,"passed_time":0.1960103009,"remaining_time":2.031379483},
{"learn":[4059.380317],"iteration":88,"passed_time":0.1988279836,"remaining_time":2.035194304},
{"learn":[4043.267761],"iteration":89,"passed_time":0.2017807154,"remaining_time":2.040227233},
{"learn":[4032.561953],"iteration":90,"passed_time":0.20483843,"remaining_time":2.046133328},
{"learn":[4020.732076],"iteration":91,"passed_time":0.2082030852,"remaining_time":2.054873927},
{"learn":[4017.200763],"iteration":92,"passed_time":0.2084384724,"remaining_time":2.032835424},
{"learn":[4002.516147],"iteration":93,"passed_time":0.2115419989,"remaining_time":2.038904798},
{"learn":[3989.606697],"iteration":94,"passed_time":0.2144845428,"remaining_time":2.043247487},
{"learn":[3970.611691],"iteration":95,"passed_time":0.2183737451,"remaining_time":2.056352766},
{"learn":[3956.230506],"iteration":96,"passed_time":0.2212568591,"remaining_time":2.059741689},
{"learn":[3939.10948],"iteration":97,"passed_time":0.2245701175,"remaining_time":2.066961694},
{"learn":[3929.903535],"iteration":98,"passed_time":0.227686781,"remaining_time":2.072179694},
{"learn":[3917.38751],"iteration":99,"passed_time":0.2312149658,"remaining_time":2.080934692},
{"learn":[3905.197167],"iteration":100,"passed_time":0.2341091001,"remaining_time":2.083802782},
{"learn":[3895.118204],"iteration":101,"passed_time":0.2357675267,"remaining_time":2.075678814},
{"learn":[3880.218873],"iteration":102,"passed_time":0.2387039369,"remaining_time":2.078810014},
{"learn":[3869.982138],"iteration":103,"passed_time":0.2416242755,"remaining_time":2.081686066},
{"learn":[3858.712331],"iteration":104,"passed_time":0.244405354,"remaining_time":2.083264684},
{"learn":[3848.033426],"iteration":105,"passed_time":0.2472809458,"remaining_time":2.085558166},
{"learn":[3839.39809],"iteration":106,"passed_time":0.2501385195,"remaining_time":2.087604653},
{"learn":[3825.161679],"iteration":107,"passed_time":0.2530337126,"remaining_time":2.089871034},
{"learn":[3823.476075],"iteration":108,"passed_time":0.2532266193,"remaining_time":2.069953374},
{"learn":[3814.503028],"iteration":109,"passed_time":0.2560589515,"remaining_time":2.071749699},
{"learn":[3800.82342],"iteration":110,"passed_time":0.2589857427,"remaining_time":2.074219146},
{"learn":[3793.434289],"iteration":111,"passed_time":0.2618345804,"remaining_time":2.075974173},
{"learn":[3788.651149],"iteration":112,"passed_time":0.2622893938,"remaining_time":2.058855684},
{"learn":[3786.589943],"iteration":113,"passed_time":0.2625127563,"remaining_time":2.04023072},
{"learn":[3775.333505],"iteration":114,"passed_time":0.2653046748,"remaining_time":2.041692498},
{"learn":[3764.851087],"iteration":115,"passed_time":0.2681046157,"remaining_time":2.043142071},
{"learn":[3756.328131],"iteration":116,"passed_time":0.2709351545,"remaining_time":2.044749927},
{"learn":[3742.298568],"iteration":117,"passed_time":0.2738435616,"remaining_time":2.046864588},
{"learn":[3732.319515],"iteration":118,"passed_time":0.2767515349,"remaining_time":2.048891615},
{"learn":[3721.719084],"iteration":119,"passed_time":0.2796121157,"remaining_time":2.050488848},
{"learn":[3711.551332],"iteration":120,"passed_time":0.282474161,"remaining_time":2.052023038},
{"learn":[3700.726152],"iteration":121,"passed_time":0.2852427837,"remaining_time":2.052812821},
{"learn":[3691.076661],"iteration":122,"passed_time":0.2879587479,"remaining_time":2.053169284},
{"learn":[3685.148399],"iteration":123,"passed_time":0.2908353677,"remaining_time":2.054611146},
{"learn":[3670.470592],"iteration":124,"passed_time":0.2938628366,"remaining_time":2.057039856},
{"learn":[3658.672227],"iteration":125,"passed_time":0.2967878307,"remaining_time":2.058671143},
{"learn":[3647.189445],"iteration":126,"passed_time":0.2996759472,"remaining_time":2.05997718},
{"learn":[3635.152295],"iteration":127,"passed_time":0.3026261565,"remaining_time":2.061640691},
{"learn":[3628.362866],"iteration":128,"passed_time":0.3056947654,"remaining_time":2.064032098},
{"learn":[3618.675859],"iteration":129,"passed_time":0.3086112654,"remaining_time":2.065321546},
{"learn":[3609.47811],"iteration":130,"passed_time":0.3114031333,"remaining_time":2.065720022},
{"learn":[3597.135217],"iteration":131,"passed_time":0.3143329215,"remaining_time":2.06697709},
{"learn":[3586.598548],"iteration":132,"passed_time":0.3171621978,"remaining_time":2.067515981},
{"learn":[3579.534124],"iteration":133,"passed_time":0.319987871,"remaining_time":2.067981315},
{"learn":[3577.183435],"iteration":134,"passed_time":0.3206299626,"remaining_time":2.054406798},
{"learn":[3567.029576],"iteration":135,"passed_time":0.3233976171,"remaining_time":2.054526038},
{"learn":[3566.117136],"iteration":136,"passed_time":0.3235915038,"remaining_time":2.038390276},
{"learn":[3563.170923],"iteration":137,"passed_time":0.3241710833,"remaining_time":2.024894738},
{"learn":[3554.88711],"iteration":138,"passed_time":0.3270318199,"remaining_time":2.025715086},
{"learn":[3546.184251],"iteration":139,"passed_time":0.3299239941,"remaining_time":2.026675964},
{"learn":[3538.060358],"iteration":140,"passed_time":0.3334006969,"remaining_time":2.031143253},
{"learn":[3531.193198],"iteration":141,"passed_time":0.3362610105,"remaining_time":2.031774275},
{"learn":[3526.534728],"iteration":142,"passed_time":0.339175267,"remaining_time":2.032679747},
{"learn":[3515.6096],"iteration":143,"passed_time":0.342072883,"remaining_time":2.033433249},
{"learn":[3507.858165],"iteration":144,"passed_time":0.3449869936,"remaining_time":2.034233652},
{"learn":[3495.929858],"iteration":145,"passed_time":0.3478216826,"remaining_time":2.034518609},
{"learn":[3486.790434],"iteration":146,"passed_time":0.3506579331,"remaining_time":2.034770183},
{"learn":[3478.162837],"iteration":147,"passed_time":0.353481447,"remaining_time":2.034906708},
{"learn":[3467.064207],"iteration":148,"passed_time":0.3563328091,"remaining_time":2.035162554},
{"learn":[3460.040719],"iteration":149,"passed_time":0.3592112032,"remaining_time":2.035530152},
{"learn":[3458.846205],"iteration":150,"passed_time":0.3595053474,"remaining_time":2.021324768},
{"learn":[3451.916822],"iteration":151,"passed_time":0.3622863345,"remaining_time":2.021176392},
{"learn":[3445.328034],"iteration":152,"passed_time":0.3651984624,"remaining_time":2.021719593},
{"learn":[3440.679161],"iteration":153,"passed_time":0.3679715296,"remaining_time":2.021453987},
{"learn":[3432.502166],"iteration":154,"passed_time":0.3708248617,"remaining_time":2.021593601},
{"learn":[3425.717352],"iteration":155,"passed_time":0.3736409738,"remaining_time":2.021493473},
{"learn":[3415.60988],"iteration":156,"passed_time":0.3764557725,"remaining_time":2.021351696},
{"learn":[3406.197064],"iteration":157,"passed_time":0.3792316158,"remaining_time":2.020968484},
{"learn":[3397.453307],"iteration":158,"passed_time":0.3820658112,"remaining_time":2.020863819},
{"learn":[3391.553282],"iteration":159,"passed_time":0.3849069845,"remaining_time":2.020761669},
{"learn":[3384.840817],"iteration":160,"passed_time":0.3877832184,"remaining_time":2.0208082},
{"learn":[3375.417721],"iteration":161,"passed_time":0.3905254639,"remaining_time":2.020125548},
{"learn":[3367.736507],"iteration":162,"passed_time":0.3934351562,"remaining_time":2.020277459},
{"learn":[3364.19212],"iteration":163,"passed_time":0.3938580247,"remaining_time":2.007715297},
{"learn":[3356.45943],"iteration":164,"passed_time":0.396740281,"remaining_time":2.00774627},
{"learn":[3347.95559],"iteration":165,"passed_time":0.3995693661,"remaining_time":2.007475008},
{"learn":[3345.42617],"iteration":166,"passed_time":0.4001592884,"remaining_time":1.996004115},
{"learn":[3339.562618],"iteration":167,"passed_time":0.4029819744,"remaining_time":1.995720254},
{"learn":[3333.311724],"iteration":168,"passed_time":0.4058136953,"remaining_time":1.995450774},
{"learn":[3328.294248],"iteration":169,"passed_time":0.4086549193,"remaining_time":1.995197547},
{"learn":[3319.835771],"iteration":170,"passed_time":0.4115347292,"remaining_time":1.995101114},
{"learn":[3309.809601],"iteration":171,"passed_time":0.414333017,"remaining_time":1.994579872},
{"learn":[3302.146473],"iteration":172,"passed_time":0.4171876307,"remaining_time":1.994301564},
{"learn":[3298.749679],"iteration":173,"passed_time":0.4176450771,"remaining_time":1.982613987},
{"learn":[3290.372761],"iteration":174,"passed_time":0.4204534722,"remaining_time":1.982137797},
{"learn":[3284.364225],"iteration":175,"passed_time":0.4233259192,"remaining_time":1.981934985},
{"learn":[3278.38093],"iteration":176,"passed_time":0.4261815373,"remaining_time":1.981623758},
{"learn":[3274.111236],"iteration":177,"passed_time":0.4290446035,"remaining_time":1.981318338},
{"learn":[3267.568893],"iteration":178,"passed_time":0.4319281867,"remaining_time":1.981078443},
{"learn":[3257.185573],"iteration":179,"passed_time":0.4347332333,"remaining_time":1.980451396},
{"learn":[3251.874628],"iteration":180,"passed_time":0.4376034757,"remaining_time":1.980095285},
{"learn":[3241.32293],"iteration":181,"passed_time":0.4405103104,"remaining_time":1.97987601},
{"learn":[3235.157776],"iteration":182,"passed_time":0.4432923128,"remaining_time":1.979070052},
{"learn":[3231.193079],"iteration":183,"passed_time":0.4462598998,"remaining_time":1.979065643},
{"learn":[3223.846084],"iteration":184,"passed_time":0.4490887984,"remaining_time":1.97841822},
{"learn":[3216.89043],"iteration":185,"passed_time":0.4519566071,"remaining_time":1.977917624},
{"learn":[3210.363711],"iteration":186,"passed_time":0.4547892346,"remaining_time":1.977238758},
{"learn":[3207.029314],"iteration":187,"passed_time":0.4576592035,"remaining_time":1.976698262},
{"learn":[3204.204259],"iteration":188,"passed_time":0.4610379648,"remaining_time":1.978316346},
{"learn":[3196.404018],"iteration":189,"passed_time":0.4639859188,"remaining_time":1.978045233},
{"learn":[3187.01708],"iteration":190,"passed_time":0.4668316453,"remaining_time":1.977313094},
{"learn":[3178.090089],"iteration":191,"passed_time":0.4698247563,"remaining_time":1.977179183},
{"learn":[3173.025999],"iteration":192,"passed_time":0.472700503,"remaining_time":1.976524901},
{"learn":[3166.703384],"iteration":193,"passed_time":0.4754118216,"remaining_time":1.975164578},
{"learn":[3156.23141],"iteration":194,"passed_time":0.4783122237,"remaining_time":1.974570975},
{"learn":[3150.742453],"iteration":195,"passed_time":0.4812744894,"remaining_time":1.974207599},
{"learn":[3147.118563],"iteration":196,"passed_time":0.4841171318,"remaining_time":1.973330238},
{"learn":[3143.802766],"iteration":197,"passed_time":0.4869857303,"remaining_time":1.97253816},
{"learn":[3135.548389],"iteration":198,"passed_time":0.4898949562,"remaining_time":1.971888743},
{"learn":[3127.267767],"iteration":199,"passed_time":0.4928107162,"remaining_time":1.971242865},
{"learn":[3119.232454],"iteration":200,"passed_time":0.4955831693,"remaining_time":1.970004738},
{"learn":[3116.113963],"iteration":201,"passed_time":0.4971096345,"remaining_time":1.96382915},
{"learn":[3109.542012],"iteration":202,"passed_time":0.4999370403,"remaining_time":1.962807001},
{"learn":[3104.326125],"iteration":203,"passed_time":0.5030965196,"remaining_time":1.96306289},
{"learn":[3099.941262],"iteration":204,"passed_time":0.5060105251,"remaining_time":1.9623335},
{"learn":[3093.307111],"iteration":205,"passed_time":0.5088572063,"remaining_time":1.961323407},
{"learn":[3090.085131],"iteration":206,"passed_time":0.5116796423,"remaining_time":1.960202688},
{"learn":[3087.093466],"iteration":207,"passed_time":0.5146912705,"remaining_time":1.959785991},
{"learn":[3080.193616],"iteration":208,"passed_time":0.5184123193,"remaining_time":1.9620294},
{"learn":[3075.054588],"iteration":209,"passed_time":0.5213348761,"remaining_time":1.961212153},
{"learn":[3067.854565],"iteration":210,"passed_time":0.5241386428,"remaining_time":1.959930754},
{"learn":[3062.993856],"iteration":211,"passed_time":0.5270288633,"remaining_time":1.958956341},
{"learn":[3058.497273],"iteration":212,"passed_time":0.5300586962,"remaining_time":1.958479784},
{"learn":[3055.389555],"iteration":213,"passed_time":0.5331592555,"remaining_time":1.958239135},
{"learn":[3048.890895],"iteration":214,"passed_time":0.5362504294,"remaining_time":1.957937614},
{"learn":[3044.137756],"iteration":215,"passed_time":0.5392175843,"remaining_time":1.957160121},
{"learn":[3037.226775],"iteration":216,"passed_time":0.542097521,"remaining_time":1.956047737},
{"learn":[3034.141624],"iteration":217,"passed_time":0.544986027,"remaining_time":1.954949877},
{"learn":[3031.580943],"iteration":218,"passed_time":0.5480117423,"remaining_time":1.95432498},
{"learn":[3028.263632],"iteration":219,"passed_time":0.5511359398,"remaining_time":1.954027423},
{"learn":[3025.693431],"iteration":220,"passed_time":0.5539957489,"remaining_time":1.952772346},
{"learn":[3022.753609],"iteration":221,"passed_time":0.5568726423,"remaining_time":1.951562683},
{"learn":[3020.00343],"iteration":222,"passed_time":0.5598369595,"remaining_time":1.95064268},
{"learn":[3016.957072],"iteration":223,"passed_time":0.5628976323,"remaining_time":1.950038226},
{"learn":[3015.46228],"iteration":224,"passed_time":0.565803122,"remaining_time":1.94887742},
{"learn":[3009.883306],"iteration":225,"passed_time":0.5688525951,"remaining_time":1.948194286},
{"learn":[3005.079533],"iteration":226,"passed_time":0.5717755794,"remaining_time":1.947059572},
{"learn":[3002.799427],"iteration":227,"passed_time":0.5746668904,"remaining_time":1.945801927},
{"learn":[3001.579728],"iteration":228,"passed_time":0.5775867598,"remaining_time":1.944626165},
{"learn":[2998.596915],"iteration":229,"passed_time":0.5806950234,"remaining_time":1.944065948},
{"learn":[2995.530994],"iteration":230,"passed_time":0.5835809272,"remaining_time":1.942743433},
{"learn":[2994.434581],"iteration":231,"passed_time":0.5866291939,"remaining_time":1.941944918},
{"learn":[2987.549919],"iteration":232,"passed_time":0.5894740635,"remaining_time":1.940457539},
{"learn":[2982.729813],"iteration":233,"passed_time":0.5923571703,"remaining_time":1.939083728},
{"learn":[2979.602108],"iteration":234,"passed_time":0.5953339072,"remaining_time":1.938001868},
{"learn":[2971.817463],"iteration":235,"passed_time":0.5982024296,"remaining_time":1.936553628},
{"learn":[2968.422303],"iteration":236,"passed_time":0.6013044209,"remaining_time":1.935845034},
{"learn":[2966.621117],"iteration":237,"passed_time":0.604149987,"remaining_time":1.934295337},
{"learn":[2962.171053],"iteration":238,"passed_time":0.6069699721,"remaining_time":1.932653342},
{"learn":[2958.612069],"iteration":239,"passed_time":0.609963209,"remaining_time":1.931550162},
{"learn":[2950.355277],"iteration":240,"passed_time":0.61290877,"remaining_time":1.930281147},
{"learn":[2946.254527],"iteration":241,"passed_time":0.6158311565,"remaining_time":1.928925688},
{"learn":[2945.178561],"iteration":242,"passed_time":0.6188729153,"remaining_time":1.927929205},
{"learn":[2940.46911],"iteration":243,"passed_time":0.6217479818,"remaining_time":1.926399485},
{"learn":[2934.37777],"iteration":244,"passed_time":0.6245898353,"remaining_time":1.924756431},
{"learn":[2930.221895],"iteration":245,"passed_time":0.6276180677,"remaining_time":1.92367489},
{"learn":[2925.198241],"iteration":246,"passed_time":0.6304849896,"remaining_time":1.922085819},
{"learn":[2922.987055],"iteration":247,"passed_time":0.6335822783,"remaining_time":1.921184973},
{"learn":[2917.326318],"iteration":248,"passed_time":0.6364502889,"remaining_time":1.919574968},
{"learn":[2913.790828],"iteration":249,"passed_time":0.6393588074,"remaining_time":1.918076422},
{"learn":[2911.465056],"iteration":250,"passed_time":0.6422916825,"remaining_time":1.916639323},
{"learn":[2908.965494],"iteration":251,"passed_time":0.6453125113,"remaining_time":1.915451422},
{"learn":[2907.157164],"iteration":252,"passed_time":0.6481893485,"remaining_time":1.913823887},
{"learn":[2904.902594],"iteration":253,"passed_time":0.6512100179,"remaining_time":1.91260895},
{"learn":[2896.176761],"iteration":254,"passed_time":0.6540636244,"remaining_time":1.910891765},
{"learn":[2893.930995],"iteration":255,"passed_time":0.6569704808,"remaining_time":1.90932046},
{"learn":[2892.292348],"iteration":256,"passed_time":0.6600700845,"remaining_time":1.908296003},
{"learn":[2889.784667],"iteration":257,"passed_time":0.6629053569,"remaining_time":1.906495251},
{"learn":[2886.829982],"iteration":258,"passed_time":0.6656966369,"remaining_time":1.904560648},
{"learn":[2883.619105],"iteration":259,"passed_time":0.6687497548,"remaining_time":1.903364687},
{"learn":[2878.222692],"iteration":260,"passed_time":0.671621152,"remaining_time":1.901639967},
{"learn":[2877.131306],"iteration":261,"passed_time":0.6745807567,"remaining_time":1.900154956},
{"learn":[2874.458067],"iteration":262,"passed_time":0.6776168447,"remaining_time":1.898873059},
{"learn":[2870.941891],"iteration":263,"passed_time":0.6804667729,"remaining_time":1.897058882},
{"learn":[2865.823632],"iteration":264,"passed_time":0.6834082345,"remaining_time":1.895490764},
{"learn":[2863.401081],"iteration":265,"passed_time":0.6863555762,"remaining_time":1.893928545},
{"learn":[2860.937368],"iteration":266,"passed_time":0.6892379393,"remaining_time":1.892177564},
{"learn":[2857.723431],"iteration":267,"passed_time":0.6923548592,"remaining_time":1.891058794},
{"learn":[2855.046581],"iteration":268,"passed_time":0.6952416623,"remaining_time":1.889299833},
{"learn":[2852.381434],"iteration":269,"passed_time":0.698117255,"remaining_time":1.887502208},
{"learn":[2849.77947],"iteration":270,"passed_time":0.7011724987,"remaining_time":1.886179895},
{"learn":[2848.70235],"iteration":271,"passed_time":0.7040184761,"remaining_time":1.884284745},
{"learn":[2844.975172],"iteration":272,"passed_time":0.7069237991,"remaining_time":1.882540666},
{"learn":[2843.627069],"iteration":273,"passed_time":0.7099825752,"remaining_time":1.881194707},
{"learn":[2840.159677],"iteration":274,"passed_time":0.712838111,"remaining_time":1.879300474},
{"learn":[2835.716191],"iteration":275,"passed_time":0.715664756,"remaining_time":1.87732349},
{"learn":[2831.124897],"iteration":276,"passed_time":0.7188131923,"remaining_time":1.876180282},
{"learn":[2827.171322],"iteration":277,"passed_time":0.7217009194,"remaining_time":1.874345553},
{"learn":[2824.717655],"iteration":278,"passed_time":0.7248110624,"remaining_time":1.87307805},
{"learn":[2820.478617],"iteration":279,"passed_time":0.7277244375,"remaining_time":1.871291411},
{"learn":[2816.020824],"iteration":280,"passed_time":0.7305991716,"remaining_time":1.86939788},
{"learn":[2811.764148],"iteration":281,"passed_time":0.7334253402,"remaining_time":1.867373738},
{"learn":[2805.956597],"iteration":282,"passed_time":0.7365875059,"remaining_time":1.8661952},
{"learn":[2802.461982],"iteration":283,"passed_time":0.7394446566,"remaining_time":1.864233712},
{"learn":[2799.670188],"iteration":284,"passed_time":0.7425095764,"remaining_time":1.862787183},
{"learn":[2794.257004],"iteration":285,"passed_time":0.7454623725,"remaining_time":1.861049419},
{"learn":[2792.379479],"iteration":286,"passed_time":0.7483238563,"remaining_time":1.85907634},
{"learn":[2789.109825],"iteration":287,"passed_time":0.7512334808,"remaining_time":1.857216105},
{"learn":[2784.081502],"iteration":288,"passed_time":0.7541478214,"remaining_time":1.855360211},
{"learn":[2781.926736],"iteration":289,"passed_time":0.7569320131,"remaining_time":1.853178377},
{"learn":[2778.264179],"iteration":290,"passed_time":0.7597408176,"remaining_time":1.85105237},
{"learn":[2775.220976],"iteration":291,"passed_time":0.7626693196,"remaining_time":1.849211912},
{"learn":[2771.901015],"iteration":292,"passed_time":0.7654763733,"remaining_time":1.847070976},
{"learn":[2768.351326],"iteration":293,"passed_time":0.7683971982,"remaining_time":1.845198714},
{"learn":[2765.971201],"iteration":294,"passed_time":0.7712695511,"remaining_time":1.843203503},
{"learn":[2764.896272],"iteration":295,"passed_time":0.7741018244,"remaining_time":1.841107042},
{"learn":[2762.420704],"iteration":296,"passed_time":0.7769325218,"remaining_time":1.839001895},
{"learn":[2758.020038],"iteration":297,"passed_time":0.7797808215,"remaining_time":1.836933345},
{"learn":[2753.493917],"iteration":298,"passed_time":0.7825927065,"remaining_time":1.834774205},
{"learn":[2751.626295],"iteration":299,"passed_time":0.7854879594,"remaining_time":1.832805239},
{"learn":[2746.517795],"iteration":300,"passed_time":0.7882844882,"remaining_time":1.830600855},
{"learn":[2741.54845],"iteration":301,"passed_time":0.7911199308,"remaining_time":1.828482489},
{"learn":[2739.709273],"iteration":302,"passed_time":0.7939412564,"remaining_time":1.826326917},
{"learn":[2734.797116],"iteration":303,"passed_time":0.7968061676,"remaining_time":1.824266752},
{"learn":[2732.983844],"iteration":304,"passed_time":0.7997254346,"remaining_time":1.822325171},
{"learn":[2730.964772],"iteration":305,"passed_time":0.8025464794,"remaining_time":1.820154434},
{"learn":[2728.965906],"iteration":306,"passed_time":0.8053466983,"remaining_time":1.817932449},
{"learn":[2722.477391],"iteration":307,"passed_time":0.8083547642,"remaining_time":1.816173691},
{"learn":[2720.100028],"iteration":308,"passed_time":0.8111999291,"remaining_time":1.81404256},
{"learn":[2717.652384],"iteration":309,"passed_time":0.8140351878,"remaining_time":1.811884773},
{"learn":[2716.03609],"iteration":310,"passed_time":0.8169312957,"remaining_time":1.809857437},
{"learn":[2708.326169],"iteration":311,"passed_time":0.8197937333,"remaining_time":1.807750284},
{"learn":[2706.351228],"iteration":312,"passed_time":0.8226391528,"remaining_time":1.805600952},
{"learn":[2699.800493],"iteration":313,"passed_time":0.8255459205,"remaining_time":1.803581215},
{"learn":[2694.729567],"iteration":314,"passed_time":0.8284340759,"remaining_time":1.801515371},
{"learn":[2691.909363],"iteration":315,"passed_time":0.8313263326,"remaining_time":1.799453201},
{"learn":[2687.91779],"iteration":316,"passed_time":0.8341295078,"remaining_time":1.797193861},
{"learn":[2686.331332],"iteration":317,"passed_time":0.8369043929,"remaining_time":1.794870427},
{"learn":[2681.310886],"iteration":318,"passed_time":0.8397140026,"remaining_time":1.792618294},
{"learn":[2676.555549],"iteration":319,"passed_time":0.8426383527,"remaining_time":1.790606499},
{"learn":[2672.733317],"iteration":320,"passed_time":0.8454261175,"remaining_time":1.788300105},
{"learn":[2669.610477],"iteration":321,"passed_time":0.8482387026,"remaining_time":1.786042982},
{"learn":[2667.237986],"iteration":322,"passed_time":0.8510763543,"remaining_time":1.783834959},
{"learn":[2664.885489],"iteration":323,"passed_time":0.8538953974,"remaining_time":1.781584224},
{"learn":[2662.901892],"iteration":324,"passed_time":0.8567297947,"remaining_time":1.779361881},
{"learn":[2660.859848],"iteration":325,"passed_time":0.8595891356,"remaining_time":1.777187354},
{"learn":[2655.14686],"iteration":326,"passed_time":0.862450066,"remaining_time":1.775011909},
{"learn":[2653.134462],"iteration":327,"passed_time":0.8653424458,"remaining_time":1.772896718},
{"learn":[2645.74539],"iteration":328,"passed_time":0.8682451757,"remaining_time":1.770797912},
{"learn":[2642.693857],"iteration":329,"passed_time":0.8710643112,"remaining_time":1.768524511},
{"learn":[2640.025062],"iteration":330,"passed_time":0.8739150582,"remaining_time":1.766311704},
{"learn":[2636.533492],"iteration":331,"passed_time":0.8767208293,"remaining_time":1.76400456},
{"learn":[2634.874371],"iteration":332,"passed_time":0.8798577155,"remaining_time":1.762357646},
{"learn":[2631.873771],"iteration":333,"passed_time":0.8826777604,"remaining_time":1.760070025},
{"learn":[2629.928219],"iteration":334,"passed_time":0.885489437,"remaining_time":1.757762614},
{"learn":[2628.71681],"iteration":335,"passed_time":0.888239769,"remaining_time":1.755330972},
{"learn":[2622.678947],"iteration":336,"passed_time":0.8911012691,"remaining_time":1.753116147},
{"learn":[2618.719391],"iteration":337,"passed_time":0.8938982689,"remaining_time":1.750771166},
{"learn":[2617.538145],"iteration":338,"passed_time":0.8967610326,"remaining_time":1.748551748},
{"learn":[2615.60901],"iteration":339,"passed_time":0.8996324181,"remaining_time":1.746345282},
{"learn":[2612.191719],"iteration":340,"passed_time":0.9024786237,"remaining_time":1.744086255},
{"learn":[2609.66046],"iteration":341,"passed_time":0.9054057526,"remaining_time":1.741979489},
{"learn":[2607.8119],"iteration":342,"passed_time":0.9081888528,"remaining_time":1.739592059},
{"learn":[2606.268691],"iteration":343,"passed_time":0.912094797,"remaining_time":1.739343566},
{"learn":[2604.474163],"iteration":344,"passed_time":0.9150834381,"remaining_time":1.737332325},
{"learn":[2603.196867],"iteration":345,"passed_time":0.9179337667,"remaining_time":1.735053998},
{"learn":[2598.250878],"iteration":346,"passed_time":0.9207142883,"remaining_time":1.732641009},
{"learn":[2594.516934],"iteration":347,"passed_time":0.9236137928,"remaining_time":1.73044883},
{"learn":[2593.024569],"iteration":348,"passed_time":0.926432431,"remaining_time":1.728101755},
{"learn":[2591.219564],"iteration":349,"passed_time":0.9292945832,"remaining_time":1.725832797},
{"learn":[2587.431825],"iteration":350,"passed_time":0.9321098312,"remaining_time":1.723473734},
{"learn":[2585.200358],"iteration":351,"passed_time":0.9349785665,"remaining_time":1.721210543},
{"learn":[2583.355421],"iteration":352,"passed_time":0.9378379327,"remaining_time":1.718926749},
{"learn":[2582.307583],"iteration":353,"passed_time":0.9407079387,"remaining_time":1.71665912},
{"learn":[2577.309639],"iteration":354,"passed_time":0.9435261657,"remaining_time":1.714294019},
{"learn":[2574.673635],"iteration":355,"passed_time":0.946406615,"remaining_time":1.712038933},
{"learn":[2572.009262],"iteration":356,"passed_time":0.948060339,"remaining_time":1.707570863},
{"learn":[2569.471198],"iteration":357,"passed_time":0.9509260672,"remaining_time":1.705291998},
{"learn":[2564.203904],"iteration":358,"passed_time":0.9537655766,"remaining_time":1.702963049},
{"learn":[2558.985581],"iteration":359,"passed_time":0.9566217799,"remaining_time":1.700660942},
{"learn":[2553.098894],"iteration":360,"passed_time":0.959342655,"remaining_time":1.698116223},
{"learn":[2550.356555],"iteration":361,"passed_time":0.962188185,"remaining_time":1.695790227},
{"learn":[2547.800088],"iteration":362,"passed_time":0.9650001596,"remaining_time":1.693402484},
{"learn":[2544.639743],"iteration":363,"passed_time":0.968217672,"remaining_time":1.691720987},
{"learn":[2543.722305],"iteration":364,"passed_time":0.9713017856,"remaining_time":1.689798997},
{"learn":[2543.00699],"iteration":365,"passed_time":0.9742151888,"remaining_time":1.687574945},
{"learn":[2536.782729],"iteration":366,"passed_time":0.9771553452,"remaining_time":1.685393279},
{"learn":[2535.138193],"iteration":367,"passed_time":0.9800966935,"remaining_time":1.683209539},
{"learn":[2532.77562],"iteration":368,"passed_time":0.9831258426,"remaining_time":1.681171834},
{"learn":[2531.406538],"iteration":369,"passed_time":0.9859642307,"remaining_time":1.67880396},
{"learn":[2525.488598],"iteration":370,"passed_time":0.9888001796,"remaining_time":1.676429415},
{"learn":[2524.722892],"iteration":371,"passed_time":0.991635547,"remaining_time":1.674051407},
{"learn":[2523.479353],"iteration":372,"passed_time":0.9943922618,"remaining_time":1.671538735},
{"learn":[2521.251498],"iteration":373,"passed_time":0.9973302842,"remaining_time":1.66932823},
{"learn":[2519.273049],"iteration":374,"passed_time":1.000146757,"remaining_time":1.666911261},
{"learn":[2517.038334],"iteration":375,"passed_time":1.003007724,"remaining_time":1.664566011},
{"learn":[2513.271057],"iteration":376,"passed_time":1.006840744,"remaining_time":1.663824359},
{"learn":[2511.131491],"iteration":377,"passed_time":1.009697693,"remaining_time":1.661460226},
{"learn":[2508.544454],"iteration":378,"passed_time":1.012607554,"remaining_time":1.659180188},
{"learn":[2504.989403],"iteration":379,"passed_time":1.015487064,"remaining_time":1.656847315},
{"learn":[2503.972559],"iteration":380,"passed_time":1.018390554,"remaining_time":1.654550533},
{"learn":[2499.519288],"iteration":381,"passed_time":1.021188896,"remaining_time":1.652080466},
{"learn":[2498.312288],"iteration":382,"passed_time":1.024043005,"remaining_time":1.649698523},
{"learn":[2496.660434],"iteration":383,"passed_time":1.026855216,"remaining_time":1.647246908},
{"learn":[2495.154632],"iteration":384,"passed_time":1.029755575,"remaining_time":1.64493423},
{"learn":[2493.109829],"iteration":385,"passed_time":1.03262614,"remaining_time":1.642571114},
{"learn":[2485.897923],"iteration":386,"passed_time":1.035444747,"remaining_time":1.640123075},
{"learn":[2483.073811],"iteration":387,"passed_time":1.038319406,"remaining_time":1.637761538},
{"learn":[2481.089198],"iteration":388,"passed_time":1.041229963,"remaining_time":1.635453746},
{"learn":[2477.727257],"iteration":389,"passed_time":1.044141516,"remaining_time":1.633144423},
{"learn":[2475.586393],"iteration":390,"passed_time":1.04697561,"remaining_time":1.630711373},
{"learn":[2471.974817],"iteration":391,"passed_time":1.049799477,"remaining_time":1.628260414},
{"learn":[2467.370002],"iteration":392,"passed_time":1.052664721,"remaining_time":1.625871465},
{"learn":[2466.344848],"iteration":393,"passed_time":1.055471911,"remaining_time":1.623390808},
{"learn":[2463.180188],"iteration":394,"passed_time":1.058329879,"remaining_time":1.620986271},
{"learn":[2461.551611],"iteration":395,"passed_time":1.061063016,"remaining_time":1.618389045},
{"learn":[2459.661723],"iteration":396,"passed_time":1.06396893,"remaining_time":1.616053564},
{"learn":[2458.302404],"iteration":397,"passed_time":1.06674272,"remaining_time":1.61351537},
{"learn":[2455.561674],"iteration":398,"passed_time":1.06956862,"remaining_time":1.611054487},
{"learn":[2450.273452],"iteration":399,"passed_time":1.072449695,"remaining_time":1.608674542},
{"learn":[2447.443005],"iteration":400,"passed_time":1.075323163,"remaining_time":1.606280735},
{"learn":[2442.490174],"iteration":401,"passed_time":1.078229591,"remaining_time":1.603933571},
{"learn":[2439.112513],"iteration":402,"passed_time":1.081154629,"remaining_time":1.6016112},
{"learn":[2434.62544],"iteration":403,"passed_time":1.083988526,"remaining_time":1.599151389},
{"learn":[2434.118144],"iteration":404,"passed_time":1.08683998,"remaining_time":1.596715526},
{"learn":[2431.907026],"iteration":405,"passed_time":1.089700312,"remaining_time":1.594290604},
{"learn":[2429.750678],"iteration":406,"passed_time":1.092578549,"remaining_time":1.591889631},
{"learn":[2428.908973],"iteration":407,"passed_time":1.095486739,"remaining_time":1.589529778},
{"learn":[2428.042181],"iteration":408,"passed_time":1.098348689,"remaining_time":1.587100429},
{"learn":[2423.862356],"iteration":409,"passed_time":1.101183183,"remaining_time":1.584629459},
{"learn":[2420.993345],"iteration":410,"passed_time":1.103932437,"remaining_time":1.582034562},
{"learn":[2416.873992],"iteration":411,"passed_time":1.106780879,"remaining_time":1.579580477},
{"learn":[2415.41135],"iteration":412,"passed_time":1.10964074,"remaining_time":1.577140713},
{"learn":[2414.388529],"iteration":413,"passed_time":1.112452465,"remaining_time":1.574630784},
{"learn":[2407.159705],"iteration":414,"passed_time":1.115320631,"remaining_time":1.572198962},
{"learn":[2405.62557],"iteration":415,"passed_time":1.118384795,"remaining_time":1.570040193},
{"learn":[2401.802539],"iteration":416,"passed_time":1.12401564,"remaining_time":1.571465512},
{"learn":[2400.632325],"iteration":417,"passed_time":1.127960226,"remaining_time":1.570509214},
{"learn":[2400.149777],"iteration":418,"passed_time":1.1314822,"remaining_time":1.568952644},
{"learn":[2394.616203],"iteration":419,"passed_time":1.134591678,"remaining_time":1.566817079},
{"learn":[2393.724158],"iteration":420,"passed_time":1.137683432,"remaining_time":1.564652511},
{"learn":[2392.472775],"iteration":421,"passed_time":1.140716974,"remaining_time":1.562403818},
{"learn":[2386.324654],"iteration":422,"passed_time":1.143716272,"remaining_time":1.560104701},
{"learn":[2381.526853],"iteration":423,"passed_time":1.146637495,"remaining_time":1.55769622},
{"learn":[2378.172268],"iteration":424,"passed_time":1.149525259,"remaining_time":1.555240057},
{"learn":[2375.394569],"iteration":425,"passed_time":1.152396835,"remaining_time":1.552760054},
{"learn":[2373.367636],"iteration":426,"passed_time":1.155252862,"remaining_time":1.550257354},
{"learn":[2371.877878],"iteration":427,"passed_time":1.158027722,"remaining_time":1.547644526},
{"learn":[2368.604112],"iteration":428,"passed_time":1.160916472,"remaining_time":1.54518253},
{"learn":[2364.301479],"iteration":429,"passed_time":1.163710311,"remaining_time":1.542592738},
{"learn":[2361.51171],"iteration":430,"passed_time":1.166550297,"remaining_time":1.540062921},
{"learn":[2359.281029],"iteration":431,"passed_time":1.169320094,"remaining_time":1.537439383},
{"learn":[2357.769005],"iteration":432,"passed_time":1.172195052,"remaining_time":1.534952875},
{"learn":[2353.01591],"iteration":433,"passed_time":1.175050968,"remaining_time":1.532439741},
{"learn":[2350.227274],"iteration":434,"passed_time":1.177819436,"remaining_time":1.529811451},
{"learn":[2348.473753],"iteration":435,"passed_time":1.180685679,"remaining_time":1.527308998},
{"learn":[2344.568077],"iteration":436,"passed_time":1.183523575,"remaining_time":1.524768359},
{"learn":[2343.477004],"iteration":437,"passed_time":1.186307093,"remaining_time":1.52215659},
{"learn":[2338.767744],"iteration":438,"passed_time":1.189161576,"remaining_time":1.519634725},
{"learn":[2337.00313],"iteration":439,"passed_time":1.191945458,"remaining_time":1.517021492},
{"learn":[2334.368535],"iteration":440,"passed_time":1.194876653,"remaining_time":1.514594216},
{"learn":[2332.457127],"iteration":441,"passed_time":1.197660597,"remaining_time":1.511978762},
{"learn":[2328.096262],"iteration":442,"passed_time":1.200418333,"remaining_time":1.509329597},
{"learn":[2322.597427],"iteration":443,"passed_time":1.203250365,"remaining_time":1.50677298},
{"learn":[2320.267682],"iteration":444,"passed_time":1.206100057,"remaining_time":1.50423715},
{"learn":[2317.391613],"iteration":445,"passed_time":1.208897523,"remaining_time":1.501635039},
{"learn":[2310.736699],"iteration":446,"passed_time":1.211813589,"remaining_time":1.49917878},
{"learn":[2306.133922],"iteration":447,"passed_time":1.214715847,"remaining_time":1.496703454},
{"learn":[2302.386251],"iteration":448,"passed_time":1.217528465,"remaining_time":1.494116223},
{"learn":[2297.605986],"iteration":449,"passed_time":1.220394166,"remaining_time":1.49159287},
{"learn":[2291.922309],"iteration":450,"passed_time":1.223247706,"remaining_time":1.489053194},
{"learn":[2288.973876],"iteration":451,"passed_time":1.226122056,"remaining_time":1.48653736},
{"learn":[2287.361544],"iteration":452,"passed_time":1.22899433,"remaining_time":1.484017436},
{"learn":[2285.293584],"iteration":453,"passed_time":1.231820345,"remaining_time":1.481440327},
{"learn":[2282.676618],"iteration":454,"passed_time":1.234688343,"remaining_time":1.478912411},
{"learn":[2279.720695],"iteration":455,"passed_time":1.237484061,"remaining_time":1.476296774},
{"learn":[2274.230047],"iteration":456,"passed_time":1.24028688,"remaining_time":1.473688787},
{"learn":[2272.230293],"iteration":457,"passed_time":1.243103585,"remaining_time":1.471096383},
{"learn":[2271.333666],"iteration":458,"passed_time":1.245917954,"remaining_time":1.468500246},
{"learn":[2267.881245],"iteration":459,"passed_time":1.248750184,"remaining_time":1.465924129},
{"learn":[2266.22095],"iteration":460,"passed_time":1.251572094,"remaining_time":1.463334834},
{"learn":[2264.959983],"iteration":461,"passed_time":1.254371725,"remaining_time":1.460718588},
{"learn":[2263.17236],"iteration":462,"passed_time":1.257154891,"remaining_time":1.458082455},
{"learn":[2260.024589],"iteration":463,"passed_time":1.259904593,"remaining_time":1.455407029},
{"learn":[2257.672399],"iteration":464,"passed_time":1.262722493,"remaining_time":1.452809751},
{"learn":[2256.293317],"iteration":465,"passed_time":1.265459909,"remaining_time":1.450119294},
{"learn":[2252.633897],"iteration":466,"passed_time":1.268305699,"remaining_time":1.447552329},
{"learn":[2251.46311],"iteration":467,"passed_time":1.271168777,"remaining_time":1.445003824},
{"learn":[2250.243819],"iteration":468,"passed_time":1.273957621,"remaining_time":1.442369929},
{"learn":[2250.129082],"iteration":469,"passed_time":1.274270951,"remaining_time":1.436943838},
{"learn":[2246.953522],"iteration":470,"passed_time":1.277125515,"remaining_time":1.434393626},
{"learn":[2243.730218],"iteration":471,"passed_time":1.279929738,"remaining_time":1.431785808},
{"learn":[2240.25172],"iteration":472,"passed_time":1.282735882,"remaining_time":1.429179302},
{"learn":[2239.400996],"iteration":473,"passed_time":1.285507774,"remaining_time":1.426533944},
{"learn":[2238.154672],"iteration":474,"passed_time":1.288324874,"remaining_time":1.423938018},
{"learn":[2232.789945],"iteration":475,"passed_time":1.291195652,"remaining_time":1.421400256},
{"learn":[2231.935646],"iteration":476,"passed_time":1.293911533,"remaining_time":1.418691262},
{"learn":[2229.122885],"iteration":477,"passed_time":1.296806362,"remaining_time":1.416177659},
{"learn":[2227.540075],"iteration":478,"passed_time":1.299719487,"remaining_time":1.413682365},
{"learn":[2223.774255],"iteration":479,"passed_time":1.302602494,"remaining_time":1.411152701},
{"learn":[2221.361682],"iteration":480,"passed_time":1.305414153,"remaining_time":1.408544585},
{"learn":[2218.964138],"iteration":481,"passed_time":1.308200443,"remaining_time":1.40590836},
{"learn":[2213.865009],"iteration":482,"passed_time":1.311020932,"remaining_time":1.40330812},
{"learn":[2212.852504],"iteration":483,"passed_time":1.313876708,"remaining_time":1.400744589},
{"learn":[2211.681401],"iteration":484,"passed_time":1.316788251,"remaining_time":1.398239071},
{"learn":[2209.242584],"iteration":485,"passed_time":1.31963012,"remaining_time":1.395658193},
{"learn":[2205.060463],"iteration":486,"passed_time":1.322488835,"remaining_time":1.393093989},
{"learn":[2203.05194],"iteration":487,"passed_time":1.325332306,"remaining_time":1.390512583},
{"learn":[2200.182509],"iteration":488,"passed_time":1.328179571,"remaining_time":1.387934071},
{"learn":[2195.50952],"iteration":489,"passed_time":1.331039795,"remaining_time":1.38536795},
{"learn":[2194.68394],"iteration":490,"passed_time":1.333859223,"remaining_time":1.382758339},
{"learn":[2193.229745],"iteration":491,"passed_time":1.336616722,"remaining_time":1.380083933},
{"learn":[2191.195503],"iteration":492,"passed_time":1.33949046,"remaining_time":1.377528728},
{"learn":[2188.726897],"iteration":493,"passed_time":1.342341721,"remaining_time":1.374949212},
{"learn":[2186.590468],"iteration":494,"passed_time":1.34516107,"remaining_time":1.372336042},
{"learn":[2181.808061],"iteration":495,"passed_time":1.347946951,"remaining_time":1.369688031},
{"learn":[2179.590012],"iteration":496,"passed_time":1.350853214,"remaining_time":1.367161301},
{"learn":[2175.929705],"iteration":497,"passed_time":1.353655334,"remaining_time":1.364528067},
{"learn":[2174.233132],"iteration":498,"passed_time":1.356431422,"remaining_time":1.361868021},
{"learn":[2171.463285],"iteration":499,"passed_time":1.359297901,"remaining_time":1.359297901},
{"learn":[2167.759754],"iteration":500,"passed_time":1.362201805,"remaining_time":1.356763874},
{"learn":[2166.039471],"iteration":501,"passed_time":1.365057462,"remaining_time":1.35418051},
{"learn":[2161.442065],"iteration":502,"passed_time":1.367907094,"remaining_time":1.35159011},
{"learn":[2158.94254],"iteration":503,"passed_time":1.370724766,"remaining_time":1.34896723},
{"learn":[2154.855637],"iteration":504,"passed_time":1.373550782,"remaining_time":1.346351756},
{"learn":[2150.424802],"iteration":505,"passed_time":1.376360831,"remaining_time":1.343719862},
{"learn":[2146.874773],"iteration":506,"passed_time":1.379239124,"remaining_time":1.341153626},
{"learn":[2145.248953],"iteration":507,"passed_time":1.382126135,"remaining_time":1.338594603},
{"learn":[2141.971568],"iteration":508,"passed_time":1.384983989,"remaining_time":1.336006167},
{"learn":[2138.919003],"iteration":509,"passed_time":1.387806666,"remaining_time":1.333382876},
{"learn":[2134.407933],"iteration":510,"passed_time":1.390672083,"remaining_time":1.330799704},
{"learn":[2131.57422],"iteration":511,"passed_time":1.393480004,"remaining_time":1.328160629},
{"learn":[2128.811758],"iteration":512,"passed_time":1.396395978,"remaining_time":1.325623472},
{"learn":[2126.256356],"iteration":513,"passed_time":1.399281288,"remaining_time":1.323055848},
{"learn":[2123.407175],"iteration":514,"passed_time":1.402227081,"remaining_time":1.32054395},
{"learn":[2120.880244],"iteration":515,"passed_time":1.404977458,"remaining_time":1.317847073},
{"learn":[2119.447178],"iteration":516,"passed_time":1.407884971,"remaining_time":1.315296791},
{"learn":[2117.657613],"iteration":517,"passed_time":1.410786024,"remaining_time":1.312739119},
{"learn":[2116.296955],"iteration":518,"passed_time":1.413615548,"remaining_time":1.310113831},
{"learn":[2114.056248],"iteration":519,"passed_time":1.416455111,"remaining_time":1.307497025},
{"learn":[2112.763476],"iteration":520,"passed_time":1.419315258,"remaining_time":1.304898289},
{"learn":[2110.526062],"iteration":521,"passed_time":1.422119043,"remaining_time":1.30224694},
{"learn":[2105.670652],"iteration":522,"passed_time":1.424934928,"remaining_time":1.299606043},
{"learn":[2102.418348],"iteration":523,"passed_time":1.427725886,"remaining_time":1.296941836},
{"learn":[2102.078121],"iteration":524,"passed_time":1.430652339,"remaining_time":1.294399735},
{"learn":[2100.264437],"iteration":525,"passed_time":1.433513976,"remaining_time":1.291797765},
{"learn":[2097.441492],"iteration":526,"passed_time":1.436304076,"remaining_time":1.289130603},
{"learn":[2096.258437],"iteration":527,"passed_time":1.43914604,"remaining_time":1.286509339},
{"learn":[2095.186858],"iteration":528,"passed_time":1.442021604,"remaining_time":1.283917156},
{"learn":[2093.813783],"iteration":529,"passed_time":1.444819682,"remaining_time":1.28125519},
{"learn":[2090.919414],"iteration":530,"passed_time":1.447534882,"remaining_time":1.27851951},
{"learn":[2086.459502],"iteration":531,"passed_time":1.450299223,"remaining_time":1.275827136},
{"learn":[2084.816673],"iteration":532,"passed_time":1.453065713,"remaining_time":1.273136375},
{"learn":[2081.323948],"iteration":533,"passed_time":1.455920393,"remaining_time":1.270522291},
{"learn":[2079.825587],"iteration":534,"passed_time":1.458744049,"remaining_time":1.267880342},
{"learn":[2078.310967],"iteration":535,"passed_time":1.461640116,"remaining_time":1.265300399},
{"learn":[2074.89084],"iteration":536,"passed_time":1.464607542,"remaining_time":1.262780805},
{"learn":[2071.978113],"iteration":537,"passed_time":1.467454082,"remaining_time":1.260155736},
{"learn":[2070.897102],"iteration":538,"passed_time":1.470318796,"remaining_time":1.257545389},
{"learn":[2069.418017],"iteration":539,"passed_time":1.473190512,"remaining_time":1.254940066},
{"learn":[2066.207589],"iteration":540,"passed_time":1.476070776,"remaining_time":1.25234101},
{"learn":[2063.350074],"iteration":541,"passed_time":1.478929291,"remaining_time":1.249722538},
{"learn":[2060.548476],"iteration":542,"passed_time":1.481761504,"remaining_time":1.247081045},
{"learn":[2059.291122],"iteration":543,"passed_time":1.484604726,"remaining_time":1.244448079},
{"learn":[2057.233936],"iteration":544,"passed_time":1.487455731,"remaining_time":1.24182084},
{"learn":[2052.732116],"iteration":545,"passed_time":1.490301804,"remaining_time":1.239188679},
{"learn":[2051.016297],"iteration":546,"passed_time":1.493126035,"remaining_time":1.236537649},
{"learn":[2048.02336],"iteration":547,"passed_time":1.495987388,"remaining_time":1.233916605},
{"learn":[2044.656029],"iteration":548,"passed_time":1.498876251,"remaining_time":1.231317285},
{"learn":[2043.645263],"iteration":549,"passed_time":1.501687195,"remaining_time":1.228653159},
{"learn":[2040.619671],"iteration":550,"passed_time":1.504574527,"remaining_time":1.226050749},
{"learn":[2039.19848],"iteration":551,"passed_time":1.507516084,"remaining_time":1.223491314},
{"learn":[2038.320862],"iteration":552,"passed_time":1.51052024,"remaining_time":1.220981098},
{"learn":[2036.249749],"iteration":553,"passed_time":1.513413074,"remaining_time":1.218379478},
{"learn":[2034.390997],"iteration":554,"passed_time":1.516191805,"remaining_time":1.215685321},
{"learn":[2033.004754],"iteration":555,"passed_time":1.519076625,"remaining_time":1.213075578},
{"learn":[2030.622475],"iteration":556,"passed_time":1.521924555,"remaining_time":1.210435508},
{"learn":[2028.018836],"iteration":557,"passed_time":1.52470596,"remaining_time":1.207741997},
{"learn":[2024.636763],"iteration":558,"passed_time":1.527525319,"remaining_time":1.205078114},
{"learn":[2022.820627],"iteration":559,"passed_time":1.53049559,"remaining_time":1.202532249},
{"learn":[2019.895795],"iteration":560,"passed_time":1.533713064,"remaining_time":1.200178316},
{"learn":[2018.436496],"iteration":561,"passed_time":1.536558039,"remaining_time":1.197530999},
{"learn":[2016.942688],"iteration":562,"passed_time":1.539445324,"remaining_time":1.19491582},
{"learn":[2014.540349],"iteration":563,"passed_time":1.542337834,"remaining_time":1.192303716},
{"learn":[2013.701394],"iteration":564,"passed_time":1.545148735,"remaining_time":1.189627787},
{"learn":[2011.425034],"iteration":565,"passed_time":1.547927209,"remaining_time":1.186926517},
{"learn":[2008.682936],"iteration":566,"passed_time":1.550899711,"remaining_time":1.184373148},
{"learn":[2006.641098],"iteration":567,"passed_time":1.553742422,"remaining_time":1.181719589},
{"learn":[2000.962367],"iteration":568,"passed_time":1.556564621,"remaining_time":1.179049827},
{"learn":[1996.628145],"iteration":569,"passed_time":1.559444663,"remaining_time":1.176423167},
{"learn":[1994.311647],"iteration":570,"passed_time":1.562266016,"remaining_time":1.173751525},
{"learn":[1990.141225],"iteration":571,"passed_time":1.564980499,"remaining_time":1.170999394},
{"learn":[1989.440712],"iteration":572,"passed_time":1.567818249,"remaining_time":1.168339254},
{"learn":[1986.210042],"iteration":573,"passed_time":1.570594086,"remaining_time":1.165632545},
{"learn":[1983.083689],"iteration":574,"passed_time":1.573976514,"remaining_time":1.163373945},
{"learn":[1981.821718],"iteration":575,"passed_time":1.577004746,"remaining_time":1.160850716},
{"learn":[1979.95743],"iteration":576,"passed_time":1.580268311,"remaining_time":1.158498259},
{"learn":[1977.255109],"iteration":577,"passed_time":1.583394202,"remaining_time":1.156042134},
{"learn":[1974.08616],"iteration":578,"passed_time":1.586796469,"remaining_time":1.153784652},
{"learn":[1970.994793],"iteration":579,"passed_time":1.590078652,"remaining_time":1.151436266},
{"learn":[1970.221516],"iteration":580,"passed_time":1.593716226,"remaining_time":1.149340961},
{"learn":[1967.48949],"iteration":581,"passed_time":1.596955786,"remaining_time":1.146954499},
{"learn":[1966.039605],"iteration":582,"passed_time":1.599969377,"remaining_time":1.144403482},
{"learn":[1963.217893],"iteration":583,"passed_time":1.603205939,"remaining_time":1.14200971},
{"learn":[1961.828961],"iteration":584,"passed_time":1.606261732,"remaining_time":1.139484819},
{"learn":[1959.941773],"iteration":585,"passed_time":1.609293099,"remaining_time":1.136940858},
{"learn":[1958.941197],"iteration":586,"passed_time":1.612223166,"remaining_time":1.134323965},
{"learn":[1954.578103],"iteration":587,"passed_time":1.615159515,"remaining_time":1.131710408},
{"learn":[1952.246902],"iteration":588,"passed_time":1.618066225,"remaining_time":1.129075074},
{"learn":[1951.281453],"iteration":589,"passed_time":1.620882829,"remaining_time":1.126376203},
{"learn":[1949.190474],"iteration":590,"passed_time":1.623772742,"remaining_time":1.123727667},
{"learn":[1946.862121],"iteration":591,"passed_time":1.626654068,"remaining_time":1.121072398},
{"learn":[1942.759633],"iteration":592,"passed_time":1.629534494,"remaining_time":1.118415749},
{"learn":[1941.201234],"iteration":593,"passed_time":1.632481328,"remaining_time":1.115803736},
{"learn":[1937.052778],"iteration":594,"passed_time":1.635335253,"remaining_time":1.113127357},
{"learn":[1933.109672],"iteration":595,"passed_time":1.63811923,"remaining_time":1.110402968},
{"learn":[1932.850241],"iteration":596,"passed_time":1.640968012,"remaining_time":1.107722125},
{"learn":[1930.410162],"iteration":597,"passed_time":1.643801052,"remaining_time":1.105030139},
{"learn":[1927.530618],"iteration":598,"passed_time":1.646590852,"remaining_time":1.102308734},
{"learn":[1926.080757],"iteration":599,"passed_time":1.649542298,"remaining_time":1.099694865},
{"learn":[1924.941925],"iteration":600,"passed_time":1.652338523,"remaining_time":1.096976823},
{"learn":[1922.10856],"iteration":601,"passed_time":1.655119307,"remaining_time":1.094248312},
{"learn":[1920.401691],"iteration":602,"passed_time":1.657899008,"remaining_time":1.091518916},
{"learn":[1917.346924],"iteration":603,"passed_time":1.660746067,"remaining_time":1.088833514},
{"learn":[1915.465495],"iteration":604,"passed_time":1.663657184,"remaining_time":1.086189401},
{"learn":[1914.704057],"iteration":605,"passed_time":1.666534091,"remaining_time":1.083522165},
{"learn":[1913.653734],"iteration":606,"passed_time":1.66939674,"remaining_time":1.080845006},
{"learn":[1912.433095],"iteration":607,"passed_time":1.672273466,"remaining_time":1.078176314},
{"learn":[1908.781025],"iteration":608,"passed_time":1.675198812,"remaining_time":1.075538154},
{"learn":[1905.838613],"iteration":609,"passed_time":1.678027033,"remaining_time":1.072836956},
{"learn":[1904.826377],"iteration":610,"passed_time":1.680879661,"remaining_time":1.070150881},
{"learn":[1902.081823],"iteration":611,"passed_time":1.683781343,"remaining_time":1.067495361},
{"learn":[1900.458845],"iteration":612,"passed_time":1.686671613,"remaining_time":1.064831834},
{"learn":[1899.08194],"iteration":613,"passed_time":1.689469523,"remaining_time":1.062109505},
{"learn":[1897.460814],"iteration":614,"passed_time":1.692344337,"remaining_time":1.059435073},
{"learn":[1895.942901],"iteration":615,"passed_time":1.695145923,"remaining_time":1.056714341},
{"learn":[1893.312367],"iteration":616,"passed_time":1.698053976,"remaining_time":1.054059438},
{"learn":[1892.945665],"iteration":617,"passed_time":1.700856779,"remaining_time":1.051338656},
{"learn":[1891.977436],"iteration":618,"passed_time":1.703745612,"remaining_time":1.048670563},
{"learn":[1889.166506],"iteration":619,"passed_time":1.706690252,"remaining_time":1.046035961},
{"learn":[1887.406626],"iteration":620,"passed_time":1.709743844,"remaining_time":1.043466855},
{"learn":[1886.250853],"iteration":621,"passed_time":1.712705577,"remaining_time":1.040840367},
{"learn":[1885.321993],"iteration":622,"passed_time":1.715531575,"remaining_time":1.038130664},
{"learn":[1882.591771],"iteration":623,"passed_time":1.718319256,"remaining_time":1.0353975},
{"learn":[1880.102718],"iteration":624,"passed_time":1.721224218,"remaining_time":1.032734531},
{"learn":[1876.448255],"iteration":625,"passed_time":1.724052791,"remaining_time":1.03002515},
{"learn":[1874.935228],"iteration":626,"passed_time":1.726907852,"remaining_time":1.027331146},
{"learn":[1873.056077],"iteration":627,"passed_time":1.729667572,"remaining_time":1.024580154},
{"learn":[1871.923843],"iteration":628,"passed_time":1.732472239,"remaining_time":1.021855645},
{"learn":[1870.871689],"iteration":629,"passed_time":1.735326125,"remaining_time":1.019159787},
{"learn":[1870.171272],"iteration":630,"passed_time":1.738155437,"remaining_time":1.016449059},
{"learn":[1867.26911],"iteration":631,"passed_time":1.741027995,"remaining_time":1.013763136},
{"learn":[1864.510723],"iteration":632,"passed_time":1.743869579,"remaining_time":1.011058666},
{"learn":[1860.79617],"iteration":633,"passed_time":1.746743502,"remaining_time":1.008372432},
{"learn":[1857.535336],"iteration":634,"passed_time":1.749503094,"remaining_time":1.005619889},
{"learn":[1855.89126],"iteration":635,"passed_time":1.752287717,"remaining_time":1.002881649},
{"learn":[1853.959934],"iteration":636,"passed_time":1.755154832,"remaining_time":1.000190273},
{"learn":[1852.388577],"iteration":637,"passed_time":1.757939088,"remaining_time":0.9974513323},
{"learn":[1848.685182],"iteration":638,"passed_time":1.760713135,"remaining_time":0.9947064815},
{"learn":[1847.02444],"iteration":639,"passed_time":1.763508934,"remaining_time":0.9919737756},
{"learn":[1843.566129],"iteration":640,"passed_time":1.766410452,"remaining_time":0.9893000818},
{"learn":[1841.160993],"iteration":641,"passed_time":1.76934567,"remaining_time":0.9866444701},
{"learn":[1839.088318],"iteration":642,"passed_time":1.772305599,"remaining_time":0.9840017087},
{"learn":[1837.738413],"iteration":643,"passed_time":1.775109629,"remaining_time":0.9812717825},
{"learn":[1835.400527],"iteration":644,"passed_time":1.777925429,"remaining_time":0.9785481046},
{"learn":[1834.906852],"iteration":645,"passed_time":1.780794232,"remaining_time":0.9758531858},
{"learn":[1830.948888],"iteration":646,"passed_time":1.783623866,"remaining_time":0.9731363595},
{"learn":[1827.478162],"iteration":647,"passed_time":1.786500518,"remaining_time":0.9704447259},
{"learn":[1824.257461],"iteration":648,"passed_time":1.789346174,"remaining_time":0.9677357582},
{"learn":[1822.247507],"iteration":649,"passed_time":1.792197225,"remaining_time":0.9650292752},
{"learn":[1819.848639],"iteration":650,"passed_time":1.795013763,"remaining_time":0.9623038454},
{"learn":[1817.411281],"iteration":651,"passed_time":1.79785279,"remaining_time":0.9595901393},
{"learn":[1815.365599],"iteration":652,"passed_time":1.800666532,"remaining_time":0.9568626132},
{"learn":[1812.984306],"iteration":653,"passed_time":1.803578426,"remaining_time":0.9541867512},
{"learn":[1809.98885],"iteration":654,"passed_time":1.806451249,"remaining_time":0.951489589},
{"learn":[1807.775453],"iteration":655,"passed_time":1.809299993,"remaining_time":0.9487792647},
{"learn":[1806.983512],"iteration":656,"passed_time":1.812146874,"remaining_time":0.9460675458},
{"learn":[1803.324712],"iteration":657,"passed_time":1.814984939,"remaining_time":0.9433508346},
{"learn":[1803.088423],"iteration":658,"passed_time":1.817863857,"remaining_time":0.9406548941},
{"learn":[1801.599822],"iteration":659,"passed_time":1.820691125,"remaining_time":0.9379317917},
{"learn":[1797.926019],"iteration":660,"passed_time":1.823581161,"remaining_time":0.9352405651},
{"learn":[1797.437695],"iteration":661,"passed_time":1.826489756,"remaining_time":0.932558214},
{"learn":[1793.78756],"iteration":662,"passed_time":1.829280399,"remaining_time":0.9298152253},
{"learn":[1791.844358],"iteration":663,"passed_time":1.832078382,"remaining_time":0.9270758079},
{"learn":[1789.364722],"iteration":664,"passed_time":1.834919584,"remaining_time":0.9243579857},
{"learn":[1788.769189],"iteration":665,"passed_time":1.837754053,"remaining_time":0.9216364172},
{"learn":[1787.31254],"iteration":666,"passed_time":1.840588696,"remaining_time":0.9189145965},
{"learn":[1784.436591],"iteration":667,"passed_time":1.843348126,"remaining_time":0.9161550569},
{"learn":[1782.491605],"iteration":668,"passed_time":1.846205768,"remaining_time":0.9134441095},
{"learn":[1780.034874],"iteration":669,"passed_time":1.849081515,"remaining_time":0.9107416416},
{"learn":[1778.019714],"iteration":670,"passed_time":1.851881541,"remaining_time":0.9080015304},
{"learn":[1775.830532],"iteration":671,"passed_time":1.854767088,"remaining_time":0.9053029837},
{"learn":[1772.396169],"iteration":672,"passed_time":1.857591225,"remaining_time":0.9025740427},
{"learn":[1769.446239],"iteration":673,"passed_time":1.860503633,"remaining_time":0.899887514},
{"learn":[1765.882123],"iteration":674,"passed_time":1.86331233,"remaining_time":0.8971503811},
{"learn":[1765.017783],"iteration":675,"passed_time":1.866085314,"remaining_time":0.8943959197},
{"learn":[1761.18411],"iteration":676,"passed_time":1.868873579,"remaining_time":0.8916486941},
{"learn":[1758.07503],"iteration":677,"passed_time":1.871775607,"remaining_time":0.8889553766},
{"learn":[1757.353116],"iteration":678,"passed_time":1.874807013,"remaining_time":0.8863226084},
{"learn":[1752.322268],"iteration":679,"passed_time":1.877713523,"remaining_time":0.8836298933},
{"learn":[1748.852064],"iteration":680,"passed_time":1.880639723,"remaining_time":0.8809457733},
{"learn":[1745.578165],"iteration":681,"passed_time":1.883645791,"remaining_time":0.8782981839},
{"learn":[1743.474566],"iteration":682,"passed_time":1.886618034,"remaining_time":0.875633846},
{"learn":[1742.811534],"iteration":683,"passed_time":1.889664013,"remaining_time":0.8730026726},
{"learn":[1742.265509],"iteration":684,"passed_time":1.892488359,"remaining_time":0.8702683695},
{"learn":[1738.23968],"iteration":685,"passed_time":1.895306003,"remaining_time":0.867530736},
{"learn":[1736.354083],"iteration":686,"passed_time":1.898121202,"remaining_time":0.8647917558},
{"learn":[1735.508855],"iteration":687,"passed_time":1.900993544,"remaining_time":0.8620784676},
{"learn":[1734.848218],"iteration":688,"passed_time":1.903886365,"remaining_time":0.8593739615},
{"learn":[1733.573427],"iteration":689,"passed_time":1.906819684,"remaining_time":0.8566871043},
{"learn":[1730.781365],"iteration":690,"passed_time":1.909582914,"remaining_time":0.8539234741},
{"learn":[1727.406676],"iteration":691,"passed_time":1.912329109,"remaining_time":0.8511522624},
{"learn":[1725.577217],"iteration":692,"passed_time":1.91516709,"remaining_time":0.8484217846},
{"learn":[1722.419049],"iteration":693,"passed_time":1.918054406,"remaining_time":0.8457127497},
{"learn":[1721.218282],"iteration":694,"passed_time":1.920804718,"remaining_time":0.8429430778},
{"learn":[1717.958393],"iteration":695,"passed_time":1.923582014,"remaining_time":0.8401852477},
{"learn":[1716.118589],"iteration":696,"passed_time":1.926368583,"remaining_time":0.8374313925},
{"learn":[1713.586906],"iteration":697,"passed_time":1.929258196,"remaining_time":0.8347220273},
{"learn":[1711.463344],"iteration":698,"passed_time":1.932123175,"remaining_time":0.8320015387},
{"learn":[1710.109709],"iteration":699,"passed_time":1.93508738,"remaining_time":0.8293231627},
{"learn":[1708.74705],"iteration":700,"passed_time":1.9379726,"remaining_time":0.8266102818},
{"learn":[1706.827754],"iteration":701,"passed_time":1.94072214,"remaining_time":0.8238393129},
{"learn":[1706.202018],"iteration":702,"passed_time":1.943510656,"remaining_time":0.8210848719},
{"learn":[1703.603747],"iteration":703,"passed_time":1.946388537,"remaining_time":0.8183679076},
{"learn":[1702.279202],"iteration":704,"passed_time":1.949390617,"remaining_time":0.8157024567},
{"learn":[1701.604025],"iteration":705,"passed_time":1.952425386,"remaining_time":0.813049665},
{"learn":[1698.353914],"iteration":706,"passed_time":1.955214735,"remaining_time":0.8102940839},
{"learn":[1695.894878],"iteration":707,"passed_time":1.958000167,"remaining_time":0.8075367922},
{"learn":[1692.812529],"iteration":708,"passed_time":1.960843005,"remaining_time":0.8048029822},
{"learn":[1689.541763],"iteration":709,"passed_time":1.963744675,"remaining_time":0.8020928953},
{"learn":[1688.559501],"iteration":710,"passed_time":1.966506061,"remaining_time":0.7993252482},
{"learn":[1686.496518],"iteration":711,"passed_time":1.969366832,"remaining_time":0.7965978199},
{"learn":[1683.872842],"iteration":712,"passed_time":1.97213915,"remaining_time":0.7938344123},
{"learn":[1681.281109],"iteration":713,"passed_time":1.975009368,"remaining_time":0.7911101949},
{"learn":[1678.016909],"iteration":714,"passed_time":1.977837849,"remaining_time":0.7883689327},
{"learn":[1676.07169],"iteration":715,"passed_time":1.983355011,"remaining_time":0.786693887},
{"learn":[1675.480401],"iteration":716,"passed_time":1.989666685,"remaining_time":0.7853217182},
{"learn":[1673.50176],"iteration":717,"passed_time":1.995594302,"remaining_time":0.7837849486},
{"learn":[1673.014289],"iteration":718,"passed_time":2.000124674,"remaining_time":0.7816898933},
{"learn":[1670.616532],"iteration":719,"passed_time":2.004081544,"remaining_time":0.779365045},
{"learn":[1667.150272],"iteration":720,"passed_time":2.007605625,"remaining_time":0.7768681961},
{"learn":[1664.631432],"iteration":721,"passed_time":2.012225486,"remaining_time":0.7747904226},
{"learn":[1663.573824],"iteration":722,"passed_time":2.016626853,"remaining_time":0.7726219063},
{"learn":[1662.468383],"iteration":723,"passed_time":2.020041236,"remaining_time":0.7700709686},
{"learn":[1662.026088],"iteration":724,"passed_time":2.023285613,"remaining_time":0.7674531634},
{"learn":[1658.961484],"iteration":725,"passed_time":2.026419383,"remaining_time":0.7647918883},
{"learn":[1657.728871],"iteration":726,"passed_time":2.029544672,"remaining_time":0.7621261285},
{"learn":[1656.273563],"iteration":727,"passed_time":2.032562332,"remaining_time":0.7594188934},
{"learn":[1653.114685],"iteration":728,"passed_time":2.035706212,"remaining_time":0.7567577276},
{"learn":[1652.205056],"iteration":729,"passed_time":2.037534909,"remaining_time":0.7536088019},
{"learn":[1650.222523],"iteration":730,"passed_time":2.0406294,"remaining_time":0.7509292869},
{"learn":[1646.324448],"iteration":731,"passed_time":2.043728006,"remaining_time":0.7482501443},
{"learn":[1644.930475],"iteration":732,"passed_time":2.046726278,"remaining_time":0.74553331},
{"learn":[1644.527842],"iteration":733,"passed_time":2.04967831,"remaining_time":0.7427989515},
{"learn":[1642.634656],"iteration":734,"passed_time":2.052696804,"remaining_time":0.7400879635},
{"learn":[1639.389495],"iteration":735,"passed_time":2.055522057,"remaining_time":0.7373068249},
{"learn":[1637.889282],"iteration":736,"passed_time":2.058376085,"remaining_time":0.7345358349},
{"learn":[1636.190899],"iteration":737,"passed_time":2.061200073,"remaining_time":0.7317539553},
{"learn":[1634.022544],"iteration":738,"passed_time":2.064070002,"remaining_time":0.7289881876},
{"learn":[1631.890988],"iteration":739,"passed_time":2.066923085,"remaining_time":0.7262162189},
{"learn":[1630.00032],"iteration":740,"passed_time":2.069763716,"remaining_time":0.7234396795},
{"learn":[1629.491487],"iteration":741,"passed_time":2.072631433,"remaining_time":0.7206723852},
{"learn":[1628.061994],"iteration":742,"passed_time":2.075481347,"remaining_time":0.7178986625},
{"learn":[1625.057435],"iteration":743,"passed_time":2.078301838,"remaining_time":0.7151146111},
{"learn":[1622.050543],"iteration":744,"passed_time":2.081269439,"remaining_time":0.7123808147},
{"learn":[1619.985404],"iteration":745,"passed_time":2.084108469,"remaining_time":0.7096026156},
{"learn":[1618.718047],"iteration":746,"passed_time":2.086893386,"remaining_time":0.7068059261},
{"learn":[1617.272288],"iteration":747,"passed_time":2.089725062,"remaining_time":0.7040250209},
{"learn":[1615.222926],"iteration":748,"passed_time":2.092602067,"remaining_time":0.7012591706},
{"learn":[1612.724363],"iteration":749,"passed_time":2.095470161,"remaining_time":0.6984900536},
{"learn":[1609.772508],"iteration":750,"passed_time":2.098289052,"remaining_time":0.6957043594},
{"learn":[1608.682385],"iteration":751,"passed_time":2.101103456,"remaining_time":0.6929170973},
{"learn":[1606.465169],"iteration":752,"passed_time":2.103845404,"remaining_time":0.6901059957},
{"learn":[1605.070958],"iteration":753,"passed_time":2.106701442,"remaining_time":0.6873323008},
{"learn":[1603.454302],"iteration":754,"passed_time":2.10954751,"remaining_time":0.6845551524},
{"learn":[1600.569088],"iteration":755,"passed_time":2.11233838,"remaining_time":0.6817600063},
{"learn":[1598.225579],"iteration":756,"passed_time":2.115072641,"remaining_time":0.6789466999},
{"learn":[1595.273298],"iteration":757,"passed_time":2.117887105,"remaining_time":0.6761592076},
{"learn":[1594.32773],"iteration":758,"passed_time":2.120722869,"remaining_time":0.6733784077},
{"learn":[1593.214942],"iteration":759,"passed_time":2.123671729,"remaining_time":0.6706331775},
{"learn":[1589.746633],"iteration":760,"passed_time":2.126522233,"remaining_time":0.6678565226},
{"learn":[1586.537964],"iteration":761,"passed_time":2.12937667,"remaining_time":0.6650809022},
{"learn":[1585.0469],"iteration":762,"passed_time":2.132244893,"remaining_time":0.6623093572},
{"learn":[1581.933551],"iteration":763,"passed_time":2.135144749,"remaining_time":0.6595473307},
{"learn":[1581.420269],"iteration":764,"passed_time":2.137958606,"remaining_time":0.6567585261},
{"learn":[1578.22051],"iteration":765,"passed_time":2.140769043,"remaining_time":0.653968611},
{"learn":[1575.249506],"iteration":766,"passed_time":2.143621944,"remaining_time":0.6511915423},
{"learn":[1574.712277],"iteration":767,"passed_time":2.146443013,"remaining_time":0.6484046602},
{"learn":[1573.793697],"iteration":768,"passed_time":2.149287501,"remaining_time":0.6456247241},
{"learn":[1571.240999],"iteration":769,"passed_time":2.152112215,"remaining_time":0.6428387134},
{"learn":[1569.67965],"iteration":770,"passed_time":2.154967448,"remaining_time":0.6400616674},
{"learn":[1567.331575],"iteration":771,"passed_time":2.157801865,"remaining_time":0.637278271},
{"learn":[1567.053153],"iteration":772,"passed_time":2.160639968,"remaining_time":0.634495825},
{"learn":[1563.507896],"iteration":773,"passed_time":2.163435351,"remaining_time":0.6317007614},
{"learn":[1562.401548],"iteration":774,"passed_time":2.166337549,"remaining_time":0.6289367078},
{"learn":[1560.484152],"iteration":775,"passed_time":2.16918067,"remaining_time":0.6261552449},
{"learn":[1559.739074],"iteration":776,"passed_time":2.17194769,"remaining_time":0.6233517824},
{"learn":[1558.672983],"iteration":777,"passed_time":2.174725187,"remaining_time":0.6205514028},
{"learn":[1555.825286],"iteration":778,"passed_time":2.177641222,"remaining_time":0.6177903851},
{"learn":[1554.883168],"iteration":779,"passed_time":2.180440022,"remaining_time":0.6149959037},
{"learn":[1554.039509],"iteration":780,"passed_time":2.18330958,"remaining_time":0.6122212523},
{"learn":[1553.441715],"iteration":781,"passed_time":2.186129637,"remaining_time":0.6094325585},
{"learn":[1551.139028],"iteration":782,"passed_time":2.18894559,"remaining_time":0.6066426476},
{"learn":[1548.346573],"iteration":783,"passed_time":2.191717541,"remaining_time":0.6038405469},
{"learn":[1547.144237],"iteration":784,"passed_time":2.194523672,"remaining_time":0.6010478847},
{"learn":[1546.501431],"iteration":785,"passed_time":2.197340306,"remaining_time":0.5982580477},
{"learn":[1544.92464],"iteration":786,"passed_time":2.200217736,"remaining_time":0.595484597},
{"learn":[1544.087903],"iteration":787,"passed_time":2.202965964,"remaining_time":0.5926761224},
{"learn":[1542.200816],"iteration":788,"passed_time":2.205847064,"remaining_time":0.589903334},
{"learn":[1541.579368],"iteration":789,"passed_time":2.208713979,"remaining_time":0.5871265007},
{"learn":[1539.581986],"iteration":790,"passed_time":2.211530859,"remaining_time":0.5843362193},
{"learn":[1538.461662],"iteration":791,"passed_time":2.214321806,"remaining_time":0.5815390601},
{"learn":[1537.378757],"iteration":792,"passed_time":2.217136106,"remaining_time":0.5787480126},
{"learn":[1534.380726],"iteration":793,"passed_time":2.21995881,"remaining_time":0.5759590868},
{"learn":[1532.665313],"iteration":794,"passed_time":2.222788628,"remaining_time":0.5731719104},
{"learn":[1530.863633],"iteration":795,"passed_time":2.225655619,"remaining_time":0.5703941536},
{"learn":[1528.890387],"iteration":796,"passed_time":2.228621183,"remaining_time":0.5676412801},
{"learn":[1527.363067],"iteration":797,"passed_time":2.231454826,"remaining_time":0.5648544798},
{"learn":[1524.345834],"iteration":798,"passed_time":2.234454988,"remaining_time":0.5621094525},
{"learn":[1522.949272],"iteration":799,"passed_time":2.237335531,"remaining_time":0.5593338828},
{"learn":[1521.678486],"iteration":800,"passed_time":2.240214625,"remaining_time":0.5565576908},
{"learn":[1519.858085],"iteration":801,"passed_time":2.243052981,"remaining_time":0.5537711848},
{"learn":[1516.587408],"iteration":802,"passed_time":2.245911166,"remaining_time":0.5509894143},
{"learn":[1515.673413],"iteration":803,"passed_time":2.248710464,"remaining_time":0.5481930981},
{"learn":[1512.795524],"iteration":804,"passed_time":2.251593927,"remaining_time":0.5454171626},
{"learn":[1509.867749],"iteration":805,"passed_time":2.254495118,"remaining_time":0.5426452268},
{"learn":[1509.31428],"iteration":806,"passed_time":2.257308921,"remaining_time":0.5398520715},
{"learn":[1507.765705],"iteration":807,"passed_time":2.260041672,"remaining_time":0.5370396053},
{"learn":[1506.12175],"iteration":808,"passed_time":2.262859349,"remaining_time":0.5342473866},
{"learn":[1504.841402],"iteration":809,"passed_time":2.265618924,"remaining_time":0.5314414759},
{"learn":[1504.296309],"iteration":810,"passed_time":2.268580274,"remaining_time":0.5286827025},
{"learn":[1503.30939],"iteration":811,"passed_time":2.271508548,"remaining_time":0.5259157723},
{"learn":[1502.848862],"iteration":812,"passed_time":2.274276758,"remaining_time":0.5231116283},
{"learn":[1501.024425],"iteration":813,"passed_time":2.275916581,"remaining_time":0.5200497347},
{"learn":[1499.634961],"iteration":814,"passed_time":2.278850883,"remaining_time":0.5172851698},
{"learn":[1497.280327],"iteration":815,"passed_time":2.281694947,"remaining_time":0.5144998409},
{"learn":[1494.403929],"iteration":816,"passed_time":2.284471649,"remaining_time":0.5116992799},
{"learn":[1492.296996],"iteration":817,"passed_time":2.287315216,"remaining_time":0.5089136544},
{"learn":[1489.768504],"iteration":818,"passed_time":2.290108017,"remaining_time":0.5061166679},
{"learn":[1488.592243],"iteration":819,"passed_time":2.293001237,"remaining_time":0.503341735},
{"learn":[1486.844231],"iteration":820,"passed_time":2.2958374,"remaining_time":0.5005540737},
{"learn":[1483.882342],"iteration":821,"passed_time":2.298682467,"remaining_time":0.4977682227},
{"learn":[1480.749176],"iteration":822,"passed_time":2.301448056,"remaining_time":0.4949651348},
{"learn":[1477.977414],"iteration":823,"passed_time":2.304336115,"remaining_time":0.4921882963},
{"learn":[1477.619441],"iteration":824,"passed_time":2.307192192,"remaining_time":0.4894044044},
{"learn":[1476.765734],"iteration":825,"passed_time":2.309996276,"remaining_time":0.486609385},
{"learn":[1475.141313],"iteration":826,"passed_time":2.312829024,"remaining_time":0.4838203399},
{"learn":[1473.390283],"iteration":827,"passed_time":2.315597415,"remaining_time":0.4810178206},
{"learn":[1472.938057],"iteration":828,"passed_time":2.318466171,"remaining_time":0.4782360859},
{"learn":[1471.577109],"iteration":829,"passed_time":2.321369262,"remaining_time":0.4754611741},
{"learn":[1469.672182],"iteration":830,"passed_time":2.324246951,"remaining_time":0.472680788},
{"learn":[1469.133476],"iteration":831,"passed_time":2.327087031,"remaining_time":0.4698925737},
{"learn":[1467.722643],"iteration":832,"passed_time":2.329958758,"remaining_time":0.4671105794},
{"learn":[1464.599612],"iteration":833,"passed_time":2.333299301,"remaining_time":0.4644216834},
{"learn":[1462.453088],"iteration":834,"passed_time":2.336160938,"remaining_time":0.4616365925},
{"learn":[1459.957491],"iteration":835,"passed_time":2.339092949,"remaining_time":0.4588651239},
{"learn":[1459.543923],"iteration":836,"passed_time":2.341989906,"remaining_time":0.4560864453},
{"learn":[1457.592957],"iteration":837,"passed_time":2.344842946,"remaining_time":0.4532989944},
{"learn":[1457.17531],"iteration":838,"passed_time":2.347619846,"remaining_time":0.4504967762},
{"learn":[1456.44675],"iteration":839,"passed_time":2.350523718,"remaining_time":0.4477188034},
{"learn":[1454.929344],"iteration":840,"passed_time":2.353381349,"remaining_time":0.4449317889},
{"learn":[1453.796992],"iteration":841,"passed_time":2.356247765,"remaining_time":0.4421462552},
{"learn":[1453.001966],"iteration":842,"passed_time":2.35900223,"remaining_time":0.4393396799},
{"learn":[1451.72118],"iteration":843,"passed_time":2.361719395,"remaining_time":0.4365263337},
{"learn":[1450.905498],"iteration":844,"passed_time":2.364605504,"remaining_time":0.4337442048},
{"learn":[1448.216112],"iteration":845,"passed_time":2.367420935,"remaining_time":0.4309489645},
{"learn":[1447.169458],"iteration":846,"passed_time":2.370302484,"remaining_time":0.4281656198},
{"learn":[1444.661831],"iteration":847,"passed_time":2.373105006,"remaining_time":0.4253678784},
{"learn":[1441.959183],"iteration":848,"passed_time":2.376022664,"remaining_time":0.4225906034},
{"learn":[1438.57559],"iteration":849,"passed_time":2.380574462,"remaining_time":0.4201013756},
{"learn":[1436.589137],"iteration":850,"passed_time":2.383516524,"remaining_time":0.4173254548},
{"learn":[1434.44945],"iteration":851,"passed_time":2.386339273,"remaining_time":0.4145284183},
{"learn":[1431.894469],"iteration":852,"passed_time":2.389124421,"remaining_time":0.4117248417},
{"learn":[1429.457176],"iteration":853,"passed_time":2.391975324,"remaining_time":0.4089325496},
{"learn":[1428.412881],"iteration":854,"passed_time":2.394723007,"remaining_time":0.4061226152},
{"learn":[1426.629059],"iteration":855,"passed_time":2.397520907,"remaining_time":0.4033212741},
{"learn":[1424.944731],"iteration":856,"passed_time":2.40040691,"remaining_time":0.400534642},
{"learn":[1423.039269],"iteration":857,"passed_time":2.40330841,"remaining_time":0.3977503429},
{"learn":[1422.345242],"iteration":858,"passed_time":2.404259729,"remaining_time":0.3946456599},
{"learn":[1420.76746],"iteration":859,"passed_time":2.407115539,"remaining_time":0.3918560179},
{"learn":[1418.515849],"iteration":860,"passed_time":2.410005854,"remaining_time":0.389071793},
{"learn":[1417.025616],"iteration":861,"passed_time":2.412861503,"remaining_time":0.386281772},
{"learn":[1416.25229],"iteration":862,"passed_time":2.415677762,"remaining_time":0.3834853458},
{"learn":[1414.607633],"iteration":863,"passed_time":2.418575894,"remaining_time":0.380701761},
{"learn":[1414.329545],"iteration":864,"passed_time":2.421428053,"remaining_time":0.3779107365},
{"learn":[1411.835484],"iteration":865,"passed_time":2.424271136,"remaining_time":0.3751181666},
{"learn":[1411.358307],"iteration":866,"passed_time":2.427042553,"remaining_time":0.3723144862},
{"learn":[1409.530223],"iteration":867,"passed_time":2.42990673,"remaining_time":0.3695249866},
{"learn":[1408.004579],"iteration":868,"passed_time":2.432752603,"remaining_time":0.3667325558},
{"learn":[1406.758229],"iteration":869,"passed_time":2.435617543,"remaining_time":0.3639428513},
{"learn":[1404.941066],"iteration":870,"passed_time":2.438429668,"remaining_time":0.3611451518},
{"learn":[1403.924109],"iteration":871,"passed_time":2.441243682,"remaining_time":0.3583476965},
{"learn":[1403.427186],"iteration":872,"passed_time":2.444028283,"remaining_time":0.3555459244},
{"learn":[1402.135001],"iteration":873,"passed_time":2.446866033,"remaining_time":0.3527518537},
{"learn":[1399.897595],"iteration":874,"passed_time":2.449682364,"remaining_time":0.3499546235},
{"learn":[1399.132765],"iteration":875,"passed_time":2.452476317,"remaining_time":0.3471541819},
{"learn":[1398.301893],"iteration":876,"passed_time":2.455292937,"remaining_time":0.3443569342},
{"learn":[1397.589723],"iteration":877,"passed_time":2.458133342,"remaining_time":0.3415629472},
{"learn":[1395.292594],"iteration":878,"passed_time":2.46155569,"remaining_time":0.3388489631},
{"learn":[1393.783599],"iteration":879,"passed_time":2.464407507,"remaining_time":0.3360555692},
{"learn":[1393.108523],"iteration":880,"passed_time":2.467224662,"remaining_time":0.3332573607},
{"learn":[1390.648431],"iteration":881,"passed_time":2.470029247,"remaining_time":0.3304574276},
{"learn":[1388.73914],"iteration":882,"passed_time":2.47286635,"remaining_time":0.3276617927},
{"learn":[1386.55892],"iteration":883,"passed_time":2.475663757,"remaining_time":0.3248608549},
{"learn":[1386.141501],"iteration":884,"passed_time":2.478510241,"remaining_time":0.3220663025},
{"learn":[1383.683582],"iteration":885,"passed_time":2.481325196,"remaining_time":0.319267576},
{"learn":[1382.522271],"iteration":886,"passed_time":2.484257483,"remaining_time":0.3164837605},
{"learn":[1379.138107],"iteration":887,"passed_time":2.487088885,"remaining_time":0.3136868864},
{"learn":[1377.854931],"iteration":888,"passed_time":2.489873768,"remaining_time":0.3108841262},
{"learn":[1375.512676],"iteration":889,"passed_time":2.492711919,"remaining_time":0.3080879899},
{"learn":[1373.540431],"iteration":890,"passed_time":2.495643047,"remaining_time":0.3053031337},
{"learn":[1372.750802],"iteration":891,"passed_time":2.498499799,"remaining_time":0.3025089443},
{"learn":[1371.267579],"iteration":892,"passed_time":2.501263152,"remaining_time":0.2997034235},
{"learn":[1370.536558],"iteration":893,"passed_time":2.50417018,"remaining_time":0.2969150325},
{"learn":[1368.666828],"iteration":894,"passed_time":2.50698897,"remaining_time":0.2941160244},
{"learn":[1367.50665],"iteration":895,"passed_time":2.50979875,"remaining_time":0.2913159264},
{"learn":[1365.486529],"iteration":896,"passed_time":2.512635809,"remaining_time":0.288518939},
{"learn":[1363.989011],"iteration":897,"passed_time":2.515467694,"remaining_time":0.2857212748},
{"learn":[1361.629885],"iteration":898,"passed_time":2.518234942,"remaining_time":0.2829162727},
{"learn":[1359.185136],"iteration":899,"passed_time":2.521165892,"remaining_time":0.2801295435},
{"learn":[1357.593987],"iteration":900,"passed_time":2.523960201,"remaining_time":0.2773274804},
{"learn":[1354.697781],"iteration":901,"passed_time":2.52680598,"remaining_time":0.2745310266},
{"learn":[1352.00982],"iteration":902,"passed_time":2.529697603,"remaining_time":0.2717393882},
{"learn":[1351.292141],"iteration":903,"passed_time":2.532475379,"remaining_time":0.2689354384},
{"learn":[1350.957009],"iteration":904,"passed_time":2.535260855,"remaining_time":0.266132355},
{"learn":[1349.465352],"iteration":905,"passed_time":2.538028131,"remaining_time":0.263327422},
{"learn":[1347.213865],"iteration":906,"passed_time":2.540764999,"remaining_time":0.2605194542},
{"learn":[1345.888],"iteration":907,"passed_time":2.543532502,"remaining_time":0.2577147469},
{"learn":[1344.767035],"iteration":908,"passed_time":2.546294534,"remaining_time":0.2549095738},
{"learn":[1342.857153],"iteration":909,"passed_time":2.549168646,"remaining_time":0.2521155804},
{"learn":[1341.432673],"iteration":910,"passed_time":2.551986882,"remaining_time":0.2493159522},
{"learn":[1339.753898],"iteration":911,"passed_time":2.554778204,"remaining_time":0.2465136863},
{"learn":[1338.160027],"iteration":912,"passed_time":2.557640165,"remaining_time":0.2437181756},
{"learn":[1336.037427],"iteration":913,"passed_time":2.560397396,"remaining_time":0.2409126652},
{"learn":[1333.911419],"iteration":914,"passed_time":2.563313093,"remaining_time":0.2381219813},
{"learn":[1332.839404],"iteration":915,"passed_time":2.566175377,"remaining_time":0.2353261263},
{"learn":[1331.971634],"iteration":916,"passed_time":2.569022217,"remaining_time":0.2325287285},
{"learn":[1331.305293],"iteration":917,"passed_time":2.571887918,"remaining_time":0.2297329077},
{"learn":[1329.512942],"iteration":918,"passed_time":2.57471905,"remaining_time":0.2269338879},
{"learn":[1327.797215],"iteration":919,"passed_time":2.577527069,"remaining_time":0.2241327886},
{"learn":[1325.128359],"iteration":920,"passed_time":2.580381952,"remaining_time":0.2213356941},
{"learn":[1324.008845],"iteration":921,"passed_time":2.583251083,"remaining_time":0.2185396794},
{"learn":[1322.252144],"iteration":922,"passed_time":2.586164576,"remaining_time":0.2157472073},
{"learn":[1320.498263],"iteration":923,"passed_time":2.589054549,"remaining_time":0.2129525386},
{"learn":[1318.885555],"iteration":924,"passed_time":2.591900341,"remaining_time":0.2101540817},
{"learn":[1318.483674],"iteration":925,"passed_time":2.594706774,"remaining_time":0.2073523772},
{"learn":[1316.986678],"iteration":926,"passed_time":2.597534419,"remaining_time":0.2045523329},
{"learn":[1316.290154],"iteration":927,"passed_time":2.600389204,"remaining_time":0.2017543348},
{"learn":[1314.257028],"iteration":928,"passed_time":2.60316566,"remaining_time":0.1989502281},
{"learn":[1311.765684],"iteration":929,"passed_time":2.605992232,"remaining_time":0.1961499529},
{"learn":[1310.978944],"iteration":930,"passed_time":2.60896652,"remaining_time":0.1933605691},
{"learn":[1310.197707],"iteration":931,"passed_time":2.611759724,"remaining_time":0.1905575765},
{"learn":[1307.877463],"iteration":932,"passed_time":2.614554339,"remaining_time":0.187754706},
{"learn":[1306.928417],"iteration":933,"passed_time":2.617399829,"remaining_time":0.1849554483},
{"learn":[1304.33404],"iteration":934,"passed_time":2.620217941,"remaining_time":0.1821541884},
{"learn":[1303.073954],"iteration":935,"passed_time":2.623075628,"remaining_time":0.1793555985},
{"learn":[1301.784752],"iteration":936,"passed_time":2.625864363,"remaining_time":0.1765522464},
{"learn":[1300.908409],"iteration":937,"passed_time":2.628724323,"remaining_time":0.1737536333},
{"learn":[1299.841035],"iteration":938,"passed_time":2.631481849,"remaining_time":0.1709482351},
{"learn":[1298.061288],"iteration":939,"passed_time":2.634314923,"remaining_time":0.168147761},
{"learn":[1296.514373],"iteration":940,"passed_time":2.63718868,"remaining_time":0.1653497684},
{"learn":[1294.975264],"iteration":941,"passed_time":2.640047069,"remaining_time":0.1625506688},
{"learn":[1293.763017],"iteration":942,"passed_time":2.642867093,"remaining_time":0.1597491244},
{"learn":[1292.727367],"iteration":943,"passed_time":2.645735037,"remaining_time":0.1569503836},
{"learn":[1290.743136],"iteration":944,"passed_time":2.64856628,"remaining_time":0.1541493602},
{"learn":[1289.974524],"iteration":945,"passed_time":2.651276993,"remaining_time":0.1513413929},
{"learn":[1289.128238],"iteration":946,"passed_time":2.654047424,"remaining_time":0.148536973},
{"learn":[1288.217709],"iteration":947,"passed_time":2.656833282,"remaining_time":0.1457334712},
{"learn":[1287.607028],"iteration":948,"passed_time":2.659613545,"remaining_time":0.1429297058},
{"learn":[1285.436003],"iteration":949,"passed_time":2.662464638,"remaining_time":0.1401297178},
{"learn":[1284.897164],"iteration":950,"passed_time":2.665212196,"remaining_time":0.1373242877},
{"learn":[1282.936669],"iteration":951,"passed_time":2.668076356,"remaining_time":0.1345248583},
{"learn":[1282.49303],"iteration":952,"passed_time":2.670887281,"remaining_time":0.1317226676},
{"learn":[1281.631574],"iteration":953,"passed_time":2.673710521,"remaining_time":0.1289210524},
{"learn":[1281.129494],"iteration":954,"passed_time":2.676616762,"remaining_time":0.1261233029},
{"learn":[1280.031774],"iteration":955,"passed_time":2.679417948,"remaining_time":0.1233204914},
{"learn":[1279.325467],"iteration":956,"passed_time":2.682233304,"remaining_time":0.1205183198},
{"learn":[1277.838301],"iteration":957,"passed_time":2.685125365,"remaining_time":0.1177194837},
{"learn":[1276.943123],"iteration":958,"passed_time":2.688021404,"remaining_time":0.1149206231},
{"learn":[1275.875097],"iteration":959,"passed_time":2.690874015,"remaining_time":0.1121197506},
{"learn":[1275.106253],"iteration":960,"passed_time":2.693636427,"remaining_time":0.10931511},
{"learn":[1273.648373],"iteration":961,"passed_time":2.696492979,"remaining_time":0.1065142757},
{"learn":[1271.986235],"iteration":962,"passed_time":2.699295478,"remaining_time":0.1037112489},
{"learn":[1271.152323],"iteration":963,"passed_time":2.702152305,"remaining_time":0.1009102521},
{"learn":[1269.495701],"iteration":964,"passed_time":2.704978297,"remaining_time":0.09810802115},
{"learn":[1268.540732],"iteration":965,"passed_time":2.707815961,"remaining_time":0.09530615183},
{"learn":[1266.936053],"iteration":966,"passed_time":2.710643141,"remaining_time":0.09250385074},
{"learn":[1266.239696],"iteration":967,"passed_time":2.713510371,"remaining_time":0.08970282219},
{"learn":[1265.703436],"iteration":968,"passed_time":2.716289631,"remaining_time":0.08689884268},
{"learn":[1265.168046],"iteration":969,"passed_time":2.719122511,"remaining_time":0.08409657251},
{"learn":[1263.954312],"iteration":970,"passed_time":2.721906617,"remaining_time":0.08129278258},
{"learn":[1262.499971],"iteration":971,"passed_time":2.724726548,"remaining_time":0.07849006518},
{"learn":[1261.822674],"iteration":972,"passed_time":2.727576689,"remaining_time":0.07568815066},
{"learn":[1259.921024],"iteration":973,"passed_time":2.730477944,"remaining_time":0.07288750158},
{"learn":[1257.929078],"iteration":974,"passed_time":2.73328653,"remaining_time":0.07008427},
{"learn":[1257.269651],"iteration":975,"passed_time":2.736030971,"remaining_time":0.06727945011},
{"learn":[1256.703359],"iteration":976,"passed_time":2.738790306,"remaining_time":0.06447510445},
{"learn":[1255.586541],"iteration":977,"passed_time":2.741658449,"remaining_time":0.06167329845},
{"learn":[1254.273753],"iteration":978,"passed_time":2.744516996,"remaining_time":0.05887115108},
{"learn":[1252.170795],"iteration":979,"passed_time":2.747384756,"remaining_time":0.05606907666},
{"learn":[1250.421148],"iteration":980,"passed_time":2.750273007,"remaining_time":0.05326726517},
{"learn":[1249.337045],"iteration":981,"passed_time":2.753073955,"remaining_time":0.05046367738},
{"learn":[1248.997003],"iteration":982,"passed_time":2.755954064,"remaining_time":0.04766146398},
{"learn":[1247.463198],"iteration":983,"passed_time":2.758847423,"remaining_time":0.0448593077},
{"learn":[1246.04417],"iteration":984,"passed_time":2.761719619,"remaining_time":0.04205664394},
{"learn":[1245.18442],"iteration":985,"passed_time":2.76461092,"remaining_time":0.03925411042},
{"learn":[1243.222574],"iteration":986,"passed_time":2.767434704,"remaining_time":0.03645050775},
{"learn":[1241.508751],"iteration":987,"passed_time":2.770235003,"remaining_time":0.03364657898},
{"learn":[1240.170393],"iteration":988,"passed_time":2.773138411,"remaining_time":0.03084380437},
{"learn":[1238.309488],"iteration":989,"passed_time":2.776019702,"remaining_time":0.02804060305},
{"learn":[1237.386852],"iteration":990,"passed_time":2.778912103,"remaining_time":0.02523734503},
{"learn":[1235.759878],"iteration":991,"passed_time":2.78172359,"remaining_time":0.02243325476},
{"learn":[1234.386593],"iteration":992,"passed_time":2.784591617,"remaining_time":0.01962954816},
{"learn":[1233.571075],"iteration":993,"passed_time":2.787386439,"remaining_time":0.01682527026},
{"learn":[1233.282008],"iteration":994,"passed_time":2.79030117,"remaining_time":0.01402161392},
{"learn":[1231.972802],"iteration":995,"passed_time":2.793093854,"remaining_time":0.0112172444},
{"learn":[1231.420021],"iteration":996,"passed_time":2.795925551,"remaining_time":0.0084130157},
{"learn":[1230.224889],"iteration":997,"passed_time":2.79876025,"remaining_time":0.005608737976},
{"learn":[1229.012649],"iteration":998,"passed_time":2.801606182,"remaining_time":0.002804410593},
{"learn":[1227.380965],"iteration":999,"passed_time":2.804475922,"remaining_time":0}
]}